lastPrice,Change,Bid_Ask,volumePerDay,volume4wAvg,Open,dayRange,prevClose,lastTrade,oneWeek,oneMonth,YTD2023,oneYear,vsSectorOneYr,vsASX200OneYr,marketCap,ASXRank,sectorRank,sharesIssued,Sector,similarCompanies,EPS,DPS,bookValuePerShare,Breakdown,Recommendation,lastUpdated,Ticker,PE_Ratio
31.26,1.02(3.37%),$29.88-$31.35,160245,245483,31.07,$30.56 - $31.45,$30.24,6:58pm 03/11 (AEDT),3.30%,1.20%,21.78%,11.96%,5.78%,10.21%,2570210986,"152 of 2,408",14 of 150,82220441,Consumer Cyclical,CTD / WEB / SUL,1.079,0.62,0.6,"6 Buy
· 5 Hold
· 2 Sell",Hold,1/10/2023,ARB,28.97126969
11.08,0.17(1.56%),$10.77-$11.35,366353,441797,10.95,$10.725 - $11.10,$10.91,6:58pm 03/11 (AEDT),2.59%,-4.24%,46.17%,37.98%,31.80%,36.23%,1561113232,"234 of 2,408",23 of 150,140894696,Consumer Cyclical,SGR / LNW / SKC,0.693,0.39,0.526,"11 Buy
· 2 Hold
· 0 Sell",Strong Buy,1/10/2023,GUD,15.98845599
10.12,0.07(0.70%),$9.96-$10.92,37398,127350,10.16,$10.06 - $10.22,$10.05,6:58pm 03/11 (AEDT),-0.88%,-8.08%,-6.04%,-3.98%,-10.17%,-5.74%,1016899406,"295 of 2,408",28 of 150,100484131,Consumer Cyclical,BGP / CTT / AX1,0.217,0.125,0.722,"7 Buy
· 4 Hold
· 1 Sell",Buy,1/10/2023,PWH,46.6359447
16.1,0.65(-3.88%),$16.15-$17.10,5570,758,16.75,$16.01 - $16.75,$16.75,6:58pm 03/11 (AEDT),-3.88%,-5.35%,-11.05%,-10.26%,-16.44%,-12.01%,218469868,"672 of 2,408",58 of 150,13569557,Consumer Cyclical,NDO / ALG / BST,1.811,0.9,3.324,nan,nan,nan,SFC,8.890115958
0.89,0.00(0.00),$0.845-$0.90,0,11146,,‐ - ‐,$0.89,6:58pm 03/11 (AEDT),3.49%,-6.32%,-19.09%,-34.07%,-40.26%,-35.83%,72343803,"1,034 of 2,408",88 of 150,81285172,Consumer Cyclical,ISU / KED / CCX,0.084,0.0233,0.986,nan,nan,nan,AHL,10.5952381
0.155,0.005(3.33%),$0.145-$0.155,82262,432421,0.155,$0.145 - $0.155,$0.15,6:58pm 03/11 (AEDT),0,-32.61%,-60.76%,-62.65%,-68.84%,-64.41%,44987245,"1,217 of 2,408",96 of 150,290240290,Consumer Cyclical,DNA / BBT / MFD,0.025,0,0.202,nan,nan,nan,VMT,6.2
0.081,0.0005(0.62%),$0.078-$0.085,92000,26007,0.081,$0.081 - $0.082,$0.08,6:58pm 03/11 (AEDT),1.25%,-6.90%,-49.38%,-59.50%,-65.69%,-61.25%,15831293,"1,653 of 2,408",122 of 150,195448061,Consumer Cyclical,XRG / ABV / CLU,0.01,0,0.031,nan,nan,nan,RPM,8.1
0.044,0.002(4.76%),$0.043-$0.046,231792,154298,0.042,$0.042 - $0.045,$0.04,6:58pm 03/11 (AEDT),-2.22%,0,10.00%,37.50%,31.32%,35.75%,16696546,"1,626 of 2,408",120 of 150,379466944,Consumer Cyclical,XRG / RPM / UCW,0.004,0,0.017,nan,nan,nan,ABV,11
0.004,0.00(0.00),$0.004-$0.005,286645,1241239,0.004,$0.004 - $0.004,$0.00,6:58pm 03/11 (AEDT),0,33.33%,-42.86%,-20.00%,-26.19%,-21.75%,4843811,"2,143 of 2,408",133 of 150,1210952783,Consumer Cyclical,MHI / SIX / AUA,0,0,0.008,nan,nan,nan,DDT,nan
0.014,0.00(0.00),$0.012-$0.014,176,555355,0.014,$0.014 - $0.014,$0.01,6:58pm 03/11 (AEDT),-6.67%,-22.22%,-54.84%,-26.32%,-32.50%,-28.07%,4745972,"2,151 of 2,408",135 of 150,338998012,Consumer Cyclical,AUA / MHI / DDT,-0.02,0,0.003,nan,nan,nan,SIX,-0.7
99.93,1.50(1.52%),$99.75-$99.95,2507791,1993484,99.6,$99.20 - $99.99,$98.43,6:58pm 03/11 (AEDT),3.02%,0.08%,-2.60%,-4.37%,-0.86%,-6.13%,1.67E+11,"2 of 2,408",1 of 573,1675527631,Financial Services,NAB / ANZ / WBC,5.893,4.5,38.582,"0 Buy
· 5 Hold
· 15 Sell",Strong Sell,1/10/2023,CBA,16.95740709
29.06,0.49(1.72%),$28.92-$29.10,4699140,4334055,28.95,$28.78 - $29.13,$28.57,6:58pm 03/11 (AEDT),3.05%,0.35%,-3.33%,-9.61%,-6.09%,-11.37%,90927255819,"4 of 2,408",2 of 573,3128948927,Financial Services,ANZ / WBC / MQG,2.268,1.61,17.372,"9 Buy
· 5 Hold
· 4 Sell",Hold,1/10/2023,NAB,12.81305115
25.6,0.23(0.91%),$25.59-$25.63,5813929,5496181,25.73,$25.56 - $25.75,$25.37,6:58pm 03/11 (AEDT),3.27%,0.43%,11.26%,-0.31%,3.21%,-2.07%,76935344282,"5 of 2,408",3 of 573,3005286886,Financial Services,WBC / MQG / NAB,2.297,1.55,20.682,"12 Buy
· 4 Hold
· 2 Sell",Buy,1/10/2023,ANZ,11.1449717
21.5,0.33(1.56%),$21.44-$21.50,7177724,6695917,21.46,$21.39 - $21.58,$21.17,6:58pm 03/11 (AEDT),4.52%,1.75%,-7.92%,-10.08%,-6.56%,-11.83%,75445154640,"6 of 2,408",4 of 573,3509076960,Financial Services,ANZ / MQG / NAB,1.744,1.34,17.161,"3 Buy
· 6 Hold
· 10 Sell",Sell,1/10/2023,WBC,12.32798165
9.09,0.20(2.25%),$9.05-$9.10,1285689,1174747,8.96,$8.93 - $9.10,$8.89,6:58pm 03/11 (AEDT),4.72%,1.79%,-7.34%,1.11%,4.63%,-0.64%,5160947181,"94 of 2,408",19 of 573,567760966,Financial Services,SDF / STW / MLT,0.792,0.61,8.851,"7 Buy
· 8 Hold
· 2 Sell",Hold,1/10/2023,BEN,11.47727273
3.01,0.13(4.51%),$2.98-$3.02,10515183,1510611,2.96,$2.94 - $3.015,$2.88,6:58pm 03/11 (AEDT),7.89%,-5.35%,-8.23%,24.38%,27.90%,22.63%,2023808193,"183 of 2,408",49 of 573,672361526,Financial Services,IAF / VDHG / PDL,0.337,0.1922,4.533,"13 Buy
· 8 Hold
· 3 Sell",Buy,1/10/2023,VUK,8.931750742
5.45,0.19(3.61%),$5.42-$5.45,2691645,3507998,5.3,$5.30 - $5.45,$5.26,6:58pm 03/11 (AEDT),4.41%,-4.72%,-21.01%,-24.93%,-21.41%,-26.69%,3581834999,"116 of 2,408",26 of 573,657217431,Financial Services,NHF / VTS / NDQ,0.183,0.44,7.734,"2 Buy
· 6 Hold
· 12 Sell",Sell,1/10/2023,BOQ,29.78142077
5.31,0.21(4.12%),$5.10-$5.35,22533,7803,5.1,$5.10 - $5.35,$5.10,6:58pm 03/11 (AEDT),3.11%,3.11%,8.37%,9.94%,-,8.18%,2480938088,"157 of 2,408",43 of 573,467219979,Financial Services,VGAD / MGF / ETHI,2.38,0.6258,7.958,nan,nan,nan,BFL,2.231092437
1.415,0.00(0.00),$1.385-$1.63,0,928,,‐ - ‐,$1.42,6:58pm 03/11 (AEDT),-5.35%,-12.92%,-17.25%,-14.24%,-10.72%,-16.00%,1012100357,"296 of 2,408",78 of 573,715265270,Financial Services,VGB / DUI / JDO,0.14,0.1063,1.121,"6 Buy
· 2 Hold
· 0 Sell",Strong Buy,1/10/2023,HGH,10.10714286
0.885,0.005(0.57%),$0.88-$0.90,981281,1347745,0.88,$0.88 - $0.90,$0.88,6:58pm 03/11 (AEDT),4.12%,-11.94%,-33.21%,-30.31%,-,-32.07%,981731237,"301 of 2,408",80 of 573,1109300833,Financial Services,GMA / VGB / HGH,0.064,0,1.297,"5 Buy
· 7 Hold
· 0 Sell",Buy,1/10/2023,JDO,13.828125
18.37,0.48(2.68%),$17.87-$18.88,361462,335891,18.51,$18.10 - $18.51,$17.89,6:58pm 03/11 (AEDT),4.67%,-1.71%,29.82%,22.96%,21.70%,21.21%,11866729405,"40 of 2,408",5 of 197,645984181,Industrials,SVW / AIA / QAN,0.6,0.25,2.484,"0 Buy
· 5 Hold
· 12 Sell",Strong Sell,1/10/2023,REH,30.61666667
29.25,0.61(2.13%),$28.75-$29.42,814627,800978,29.15,$28.78 - $29.42,$28.64,6:58pm 03/11 (AEDT),8.78%,-5.09%,39.48%,55.92%,54.66%,54.16%,10634878420,"47 of 2,408",6 of 197,363585587,Industrials,AIA / REH / QAN,1.677,0.46,4.643,"10 Buy
· 4 Hold
· 0 Sell",Strong Buy,1/10/2023,SVW,17.44186047
16.76,0.06(0.36%),$16.40-$16.98,672166,1063968,16.96,$16.71 - $16.96,$16.70,6:58pm 03/11 (AEDT),1.64%,-4.23%,11.73%,15.59%,14.33%,13.83%,8828352743,"57 of 2,408",9 of 197,526751357,Industrials,QAN / ALX / IFT,0.07,0.5,-0.876,"9 Buy
· 3 Hold
· 1 Sell",Buy,1/10/2023,WOR,239.4285714
9.54,0.29(3.14%),$9.02-‐,18508,44060,9.35,$9.32 - $9.54,$9.25,6:58pm 03/11 (AEDT),4.03%,1.49%,21.22%,22.46%,21.20%,20.71%,7936230476,"65 of 2,408",11 of 197,831889987,Industrials,ALX / WOR / QAN,0.432,0.1782,3.058,"6 Buy
· 5 Hold
· 0 Sell",Buy,1/10/2023,IFT,22.08333333
4.09,0.07(1.74%),$4.08-$4.12,1123367,807510,4.04,$4.03 - $4.115,$4.02,6:58pm 03/11 (AEDT),1.74%,-6.41%,-8.09%,-11.85%,-13.11%,-13.61%,3202648308,"129 of 2,408",17 of 197,783043596,Industrials,RWC / DOW / VNT,0.284,0.3162,3.061,"10 Buy
· 3 Hold
· 1 Sell",Buy,1/10/2023,FBU,14.40140845
3.7,0.10(2.78%),$3.68-$3.72,1857807,3131867,3.66,$3.66 - $3.71,$3.60,6:58pm 03/11 (AEDT),6.63%,-4.39%,25.00%,19.74%,18.48%,17.99%,2923350631,"140 of 2,408",18 of 197,790094765,Industrials,FBU / DOW / VNT,0.177,0.1424,0.157,"13 Buy
· 7 Hold
· 0 Sell",Buy,1/10/2023,RWC,20.9039548
2.76,0.01(0.36%),$2.75-$2.77,73844197,2949504,2.75,$2.72 - $2.78,$2.75,6:58pm 03/11 (AEDT),-0.72%,-2.82%,14.52%,3.76%,2.50%,2.01%,2361137068,"165 of 2,408",20 of 197,855484445,Industrials,BIN / DOW / AIZ,0.202,0.1659,-0.762,"9 Buy
· 1 Hold
· 0 Sell",Strong Buy,1/10/2023,VNT,13.66336634
6.41,0.06(0.95%),$6.32-$6.46,649066,557056,6.4,$6.34 - $6.46,$6.35,6:58pm 03/11 (AEDT),11.48%,-1.99%,3.55%,-4.04%,-5.30%,-5.80%,1771182592,"202 of 2,408",24 of 197,276315537,Industrials,IPH / KLS / APM,0.179,0.09,0.274,"11 Buy
· 3 Hold
· 1 Sell",Buy,1/10/2023,JLG,35.81005587
14.23,0.01(-0.07%),$13.80-$14.39,163650,202748,14.3,$14.14 - $14.40,$14.24,6:58pm 03/11 (AEDT),0.99%,1.86%,6.51%,1.43%,0.17%,-0.33%,1379084527,"250 of 2,408",28 of 197,96913881,Industrials,MAD / DBI / RDX,0.55,0.49,0.617,"9 Buy
· 4 Hold
· 1 Sell",Buy,1/10/2023,MND,25.87272727
2.34,0.00(0.00),$2.29-$2.34,20499,276203,2.31,$2.29 - $2.34,$2.34,6:58pm 03/11 (AEDT),-2.90%,7.34%,-8.24%,-8.24%,-9.50%,-9.99%,1228690542,"263 of 2,408",31 of 197,525081428,Industrials,MMS / SIQ / NWH,38.768,0,0.447,"5 Buy
· 1 Hold
· 0 Sell",Strong Buy,1/10/2023,RDX,0.060359059
0.285,0.025(9.62%),$0.27-$0.285,110064,191029,0.265,$0.265 - $0.29,$0.26,6:58pm 03/11 (AEDT),-1.72%,-5.00%,83.87%,54.05%,-,52.30%,14793759,"1,687 of 2,408",581 of 978,51907925,Basic Materials,ADV / ASE / MRZ,-0.044,0,0.123,nan,nan,nan,SLB,-6.477272727
0.115,0.005(-4.17%),$0.11-$0.12,235426,99197,0.12,$0.115 - $0.12,$0.12,6:58pm 03/11 (AEDT),-4.17%,15.00%,-28.13%,-42.50%,-,-44.25%,15394552,"1,668 of 2,408",570 of 978,133865666,Basic Materials,SGA / MMA / AII,-0.067,0,0.034,nan,nan,nan,TRE,-1.71641791
0.043,0.00(0.00),$0.039-$0.043,66652,67243,0.043,$0.043 - $0.043,$0.04,6:58pm 03/11 (AEDT),-4.44%,-6.52%,-50.58%,-47.67%,-,-49.42%,8402873,"1,938 of 2,408",162 of 197,195415646,Industrials,14D / TTI / 1CG,-0.107,0,0.048,nan,nan,nan,OXT,-0.401869159
0.09,0.00(0.00),$0.093-$0.115,0,16786,,‐ - ‐,$0.09,6:58pm 03/11 (AEDT),-25.00%,-43.75%,-75.00%,-79.55%,-,-81.30%,3275392,"2,269 of 2,408",917 of 978,36393239,Basic Materials,CRS / GNM / CBY,-0.116,0,0.123,nan,nan,nan,S3N,-0.775862069
0.079,0.01(-11.24%),$0.079-$0.095,35572,129659,0.086,$0.079 - $0.086,$0.09,6:58pm 03/11 (AEDT),12.86%,-13.19%,-31.30%,-53.53%,-,-55.28%,4778546,"2,148 of 2,408",850 of 978,60487930,Basic Materials,THR / BOA / SNX,0,0,0,nan,nan,nan,HRE,nan
0.063,0.001(-1.56%),$0.063-$0.066,265082,109818,0.064,$0.063 - $0.064,$0.06,6:58pm 03/11 (AEDT),14.55%,26.00%,-51.35%,-59.93%,-,-61.69%,3753229,"2,233 of 2,408",897 of 978,59575058,Basic Materials,ACS / OM1 / KAL,-0.081,0,0.077,nan,nan,nan,KLI,-0.777777778
0.1,0.011(12.36%),$0.096-$0.10,193111,56492,0.094,$0.094 - $0.10,$0.09,6:58pm 03/11 (AEDT),7.53%,-23.08%,-50.00%,-50.00%,-63.87%,-51.75%,3856249,"2,220 of 2,408",890 of 978,38562492,Basic Materials,ENV / NCR / ADG,0,0,0,nan,nan,nan,DY6,nan
13.45,0.14(1.05%),$13.40-$13.47,4749010,3860511,13.26,$13.11 - $13.50,$13.31,6:58pm 03/11 (AEDT),-3.79%,-6.08%,11.43%,15.06%,13.80%,13.30%,18714442617,"24 of 2,408",3 of 197,1391408373,Industrials,CPU / SYD / REH,0.464,0.395,1.145,"12 Buy
· 5 Hold
· 2 Sell",Buy,1/10/2023,BXB,28.98706897
25.13,0.35(1.41%),$24.79-$25.30,1529083,1430562,25.04,$24.98 - $25.20,$24.78,6:58pm 03/11 (AEDT),1.82%,-2.63%,-4.08%,-3.12%,-4.38%,-4.88%,15171718214,"29 of 2,408",4 of 197,603729336,Industrials,REH / BXB / SVW,0.735,0.7,-1.908,"11 Buy
· 3 Hold
· 0 Sell",Strong Buy,1/10/2023,CPU,34.19047619
10.94,0.17(1.58%),$10.68-$11.00,1181048,751589,10.91,$10.87 - $10.99,$10.77,6:58pm 03/11 (AEDT),1.30%,-3.61%,-10.55%,-3.70%,-4.96%,-5.45%,5296794463,"93 of 2,408",15 of 197,484167684,Industrials,CWY / QUB / AZJ,0.566,0.397,-0.097,"8 Buy
· 5 Hold
· 0 Sell",Buy,1/10/2023,ALQ,19.32862191
2.39,0.09(3.91%),$2.35-$2.40,5042306,4298610,2.32,$2.30 - $2.40,$2.30,6:58pm 03/11 (AEDT),4.37%,-1.24%,-9.13%,-12.45%,-13.72%,-14.21%,5325958414,"92 of 2,408",14 of 197,2228434483,Industrials,ALQ / QUB / AZJ,0.01,0.049,-0.059,"8 Buy
· 7 Hold
· 2 Sell",Buy,1/10/2023,CWY,239
3.78,0.01(0.27%),$3.76-$3.80,2061252,1366844,3.82,$3.75 - $3.845,$3.77,6:58pm 03/11 (AEDT),2.16%,-6.90%,1.89%,-21.41%,-22.68%,-23.17%,2538548507,"154 of 2,408",19 of 197,671573679,Industrials,VNT / BIN / RWC,-0.59,0.13,0.163,"5 Buy
· 5 Hold
· 0 Sell",Buy,1/10/2023,DOW,-6.406779661
2.09,0.01(-0.48%),$2.07-$2.11,1139385,1143498,2.1,$2.08 - $2.13,$2.10,6:58pm 03/11 (AEDT),6.09%,11.47%,-12.18%,-37.43%,-38.69%,-39.18%,1916910267,"189 of 2,408",23 of 197,917181946,Industrials,JLG / AIZ / IPH,0.117,0.1,-0.773,"7 Buy
· 1 Hold
· 0 Sell",Strong Buy,1/10/2023,APM,17.86324786
7.1,0.18(2.60%),$6.80-$7.15,1032860,589916,7.08,$6.96 - $7.13,$6.92,6:58pm 03/11 (AEDT),2.75%,-4.05%,-18.67%,-27.03%,-28.29%,-28.78%,1704155050,"216 of 2,408",25 of 197,240021838,Industrials,KLS / JLG / SLK,0.284,0.33,-1.117,"8 Buy
· 5 Hold
· 1 Sell",Buy,1/10/2023,IPH,25
6.83,0.09(1.34%),$6.75-$6.90,331916,171289,6.8,$6.77 - $7.13,$6.74,6:58pm 03/11 (AEDT),13.83%,2.55%,88.15%,89.72%,88.46%,87.97%,1366000000,"252 of 2,408",29 of 197,200000000,Industrials,MND / DBI / RDX,0.182,0.058,0.598,"1 Buy
· 5 Hold
· 5 Sell",Sell,1/10/2023,MAD,37.52747253
17.6,0.14(0.80%),$17.57-$18.06,321679,237302,17.57,$17.57 - $18.03,$17.46,6:58pm 03/11 (AEDT),7.19%,10.00%,30.95%,31.93%,30.67%,30.18%,1225717222,"264 of 2,408",32 of 197,69643024,Industrials,RDX / SIQ / NWH,0.89,1.98,1.148,"5 Buy
· 4 Hold
· 1 Sell",Buy,1/10/2023,MMS,19.7752809
8.94,0.01(-0.11%),$8.80-$8.95,447619,455704,8.97,$8.835 - $9.04,$8.95,6:58pm 03/11 (AEDT),5.05%,8.63%,75.29%,87.82%,86.55%,86.06%,1187559821,"272 of 2,408",33 of 197,132836669,Industrials,NWH / MMS / RDX,0.438,0.445,-0.366,"7 Buy
· 3 Hold
· 1 Sell",Buy,1/10/2023,SIQ,20.4109589
52.32,0.89(1.73%),$52.00-$52.35,1362196,1474727,52.1,$51.86 - $52.355,$51.43,6:58pm 03/11 (AEDT),3.87%,-0.44%,13.96%,16.19%,10.00%,14.44%,59330483885,"10 of 2,408",1 of 150,1133992429,Consumer Cyclical,ALL / TLC / CWN,2.176,1.91,3.163,"10 Buy
· 6 Hold
· 3 Sell",Buy,1/10/2023,WES,24.04411765
46.58,0.71(1.55%),$46.20-$46.59,454810,382298,46.4,$46.19 - $46.58,$45.87,6:58pm 03/11 (AEDT),5.82%,3.17%,11.04%,9.42%,3.24%,7.67%,5092776835,"97 of 2,408",6 of 150,109333981,Consumer Cyclical,DMP / HVN / FLT,4.779,3.12,3.551,"3 Buy
· 6 Hold
· 10 Sell",Sell,1/10/2023,JBH,9.746808956
3.69,0.02(0.55%),$3.68-$3.72,1673253,2803172,3.7,$3.67 - $3.725,$3.67,6:58pm 03/11 (AEDT),3.94%,-3.66%,-10.65%,-9.78%,-15.97%,-11.53%,4597764553,"101 of 2,408",8 of 150,1246006654,Consumer Cyclical,DMP / FLT / JBH,0.432,0.305,3.51,"2 Buy
· 7 Hold
· 9 Sell",Sell,1/10/2023,HVN,8.541666667
23.52,0.22(0.94%),$23.50-$23.58,190239,229196,23.62,$23.46 - $23.72,$23.30,6:58pm 03/11 (AEDT),4.49%,-2.85%,-5.31%,-4.93%,-11.12%,-6.69%,3750470270,"114 of 2,408",10 of 150,159458770,Consumer Cyclical,APE / FLT / BRG,1.686,1.49,5.763,"9 Buy
· 5 Hold
· 3 Sell",Buy,1/10/2023,PMV,13.95017794
13.21,0.02(-0.15%),$13.10-$13.54,315396,371873,13.5,$13.14 - $13.51,$13.23,6:58pm 03/11 (AEDT),0.53%,-5.03%,21.75%,7.31%,1.13%,5.56%,3393654416,"123 of 2,408",11 of 150,256900410,Consumer Cyclical,BRG / PMV / SUL,1.083,0.73,1.359,"11 Buy
· 6 Hold
· 2 Sell",Buy,1/10/2023,APE,12.19759926
13.31,0.01(0.08%),$13.20-$13.34,774318,868298,13.4,$13.23 - $13.40,$13.30,6:58pm 03/11 (AEDT),4.31%,12.61%,24.28%,31.26%,25.08%,29.51%,3005750715,"134 of 2,408",13 of 150,225826500,Consumer Cyclical,BRG / APE / ARB,1.154,1.03,2.308,"3 Buy
· 9 Hold
· 8 Sell",Sell,1/10/2023,SUL,11.53379549
18.48,0.08(0.44%),$18.40-$18.80,337637,270259,18.69,$18.305 - $18.85,$18.40,6:58pm 03/11 (AEDT),5.78%,-2.84%,-20.03%,-23.73%,-29.92%,-25.49%,2027119969,"182 of 2,408",17 of 150,109692639,Consumer Cyclical,BAP / TAH / IVC,0.619,0.69,0.69,"12 Buy
· 3 Hold
· 2 Sell",Buy,1/10/2023,LOV,29.8546042
5.54,0.07(-1.25%),$5.53-$5.60,759049,1176056,5.72,$5.54 - $5.72,$5.61,6:58pm 03/11 (AEDT),2.40%,-18.17%,-14.24%,-17.56%,-23.75%,-19.31%,1880345250,"191 of 2,408",18 of 150,339412500,Consumer Cyclical,TAH / IVC / LOV,0.362,0.22,0.959,"7 Buy
· 4 Hold
· 1 Sell",Buy,1/10/2023,BAP,15.3038674
1.955,0.02(1.03%),$1.945-$1.96,1673098,825084,1.935,$1.935 - $1.975,$1.94,6:58pm 03/11 (AEDT),8.01%,0.51%,16.37%,26.54%,20.35%,24.78%,1100768998,"282 of 2,408",26 of 150,563053196,Consumer Cyclical,CKF / CTT / PWH,0.156,0.175,0.105,"7 Buy
· 5 Hold
· 2 Sell",Buy,1/10/2023,AX1,12.53205128
4.42,0.00(0.00),$4.42-$4.67,0,58,,‐ - ‐,$4.42,6:58pm 03/11 (AEDT),0,0.23%,-12.99%,-12.99%,-19.18%,-14.75%,984624739,"300 of 2,408",29 of 150,222765778,Consumer Cyclical,PWH / NCK / CTT,0.384,0.2662,1.376,"0 Buy
· 4 Hold
· 4 Sell",Sell,1/10/2023,BGP,11.51041667
22.45,0.70(3.22%),$21.90-$22.52,277724,231182,22.48,$22.30 - $22.65,$21.75,6:58pm 03/11 (AEDT),2.93%,2.89%,22.34%,10.70%,4.52%,8.95%,3219899063,"128 of 2,408",12 of 150,143425348,Consumer Cyclical,APE / SUL / PMV,0.766,0.305,2.584,"7 Buy
· 8 Hold
· 2 Sell",Hold,1/10/2023,BRG,29.30809399
8.41,0.41(-4.65%),$8.41-$8.45,9958,2086,8.5,$8.40 - $8.50,$8.82,6:58pm 03/11 (AEDT),-11.47%,-8.09%,-15.90%,-23.55%,-29.73%,-25.30%,245656941,"633 of 2,408",54 of 150,29210100,Consumer Cyclical,PBH / UNI / BBN,-0.377,0,-0.081,nan,nan,nan,AKP,-22.30769231
1.65,0.01(-0.60%),$1.65-$1.71,23572,87944,1.66,$1.65 - $1.66,$1.66,6:58pm 03/11 (AEDT),1.54%,-10.33%,16.20%,9.63%,3.45%,7.88%,155569555,"774 of 2,408",67 of 150,94284579,Consumer Cyclical,MTO / RBL / RCT,0.022,0.021,1.254,"4 Buy
· 1 Hold
· 0 Sell",Strong Buy,1/10/2023,FWD,75
4.2,0.00(0.00),$4.00-$4.20,0,568,,‐ - ‐,$4.20,6:58pm 03/11 (AEDT),0.24%,0.48%,2.69%,5.00%,-1.19%,3.25%,147776021,"792 of 2,408",70 of 150,35184767,Consumer Cyclical,RBL / MTO / FWD,0.307,0.1,3.402,nan,nan,nan,WAT,13.68078176
0.26,0.005(1.96%),$0.26-$0.28,144845,351328,0.26,$0.25 - $0.26,$0.26,6:58pm 03/11 (AEDT),1.96%,-23.80%,-25.68%,-21.82%,-20.32%,-23.57%,129125298,"835 of 2,408",73 of 150,496635761,Consumer Cyclical,GLB / STP / VVA,0.045,0.011,0.846,nan,nan,nan,AVJ,5.777777778
3.1,0.05(1.64%),$2.85-$3.09,526,1341,3.1,$3.10 - $3.10,$3.05,6:58pm 03/11 (AEDT),1.64%,1.64%,3.33%,3.68%,-2.51%,1.93%,128537836,"838 of 2,408",74 of 150,41463818,Consumer Cyclical,AVJ / STP / VVA,0.038,0.07,1.694,nan,nan,nan,GLB,81.57894737
2.63,0.09(3.54%),$2.63-$2.68,19621,6969,2.57,$2.57 - $2.65,$2.54,6:58pm 03/11 (AEDT),9.58%,22.33%,13.85%,9.58%,3.40%,7.83%,93198631,"940 of 2,408",81 of 150,35436742,Consumer Cyclical,FUN / BET / ABY,0.06,0.13,0.749,nan,nan,nan,TWD,43.83333333
0.845,0.00(0.00),$0.84-$0.845,41138,15859,0.845,$0.84 - $0.845,$0.85,6:58pm 03/11 (AEDT),-0.59%,0,9.74%,8.33%,2.15%,6.58%,81471241,"987 of 2,408",86 of 150,96415670,Consumer Cyclical,JYC / SGH / BET,0.101,0.135,0.707,nan,nan,nan,SHM,8.366336634
0.18,0.03(20.00%),$0.145-$0.18,164711,5199,0.15,$0.15 - $0.18,$0.15,6:58pm 03/11 (AEDT),20.00%,12.50%,50.00%,11.73%,5.54%,9.97%,64783161,"1,070 of 2,408",91 of 150,359906450,Consumer Cyclical,CCX / KED / DSK,-0.137,0,0.025,nan,nan,nan,SIO,-1.313868613
0.1875,0.0025(1.35%),$0.185-$0.19,10000,44243,0.19,$0.1875 - $0.19,$0.19,6:58pm 03/11 (AEDT),1.35%,-10.71%,-34.21%,-37.50%,-43.69%,-39.25%,53252745,"1,145 of 2,408",95 of 150,284014642,Consumer Cyclical,EBG / RDH / DSK,0.013,0.01,0.291,nan,nan,nan,GAP,14.42307692
39.32,0.22(0.56%),$39.10-$39.63,782289,1195642,39.8,$39.15 - $39.81,$39.10,6:58pm 03/11 (AEDT),0.49%,-3.15%,28.83%,5.22%,-0.97%,3.46%,25501382817,"16 of 2,408",2 of 150,648560092,Consumer Cyclical,TLC / CWN / IEL,1.641,0.56,3.287,"13 Buy
· 2 Hold
· 0 Sell",Strong Buy,1/10/2023,ALL,23.96099939
117.93,4.14(3.64%),‐-‐,127849,91994,117.78,$116.24 - $117.93,$113.79,6:58pm 03/11 (AEDT),-0.54%,6.68%,29.59%,29.59%,-,27.84%,1724849369,"211 of 2,408",21 of 150,14626044,Consumer Cyclical,IVC / SGR / TAH,0.46,0,-31.426,"10 Buy
· 4 Hold
· 0 Sell",Strong Buy,1/10/2023,LNW,256.3695652
4.6,0.02(-0.43%),$4.57-$4.61,2926372,3740443,4.68,$4.57 - $4.68,$4.62,6:58pm 03/11 (AEDT),3.60%,-1.08%,2.68%,7.48%,-,5.72%,10238549834,"49 of 2,408",3 of 150,2225771703,Consumer Cyclical,CWN / IEL / JBH,0.119,0.15,-1.216,"10 Buy
· 8 Hold
· 0 Sell",Buy,1/10/2023,TLC,38.65546218
23.2,0.46(2.02%),$23.18-$23.50,623214,992837,23.3,$22.80 - $23.39,$22.74,6:58pm 03/11 (AEDT),3.85%,9.07%,-14.64%,-19.44%,-25.63%,-21.20%,6457400095,"78 of 2,408",5 of 150,278336211,Consumer Cyclical,JBH / DMP / HVN,0.533,0.41,-0.075,"12 Buy
· 3 Hold
· 2 Sell",Buy,1/10/2023,IEL,43.5272045
51.95,0.63(1.23%),$51.81-$52.00,358193,321427,52.28,$51.80 - $52.85,$51.32,6:58pm 03/11 (AEDT),3.94%,1.84%,-21.58%,-1.94%,-8.13%,-3.70%,4665552510,"99 of 2,408",7 of 150,89808518,Consumer Cyclical,HVN / JBH / FLT,0.761,1.1,-7.52,"8 Buy
· 7 Hold
· 3 Sell",Hold,1/10/2023,DMP,68.26544021
19.07,0.16(0.85%),$19.00-$19.08,548906,984113,19.02,$18.93 - $19.175,$18.91,6:58pm 03/11 (AEDT),4.90%,-0.21%,31.61%,12.91%,6.72%,11.15%,4184486392,"107 of 2,408",9 of 150,219427708,Consumer Cyclical,HVN / PMV / DMP,0.225,0.18,0.367,"13 Buy
· 6 Hold
· 1 Sell",Buy,1/10/2023,FLT,84.75555556
16.92,0.10(0.60%),$16.89-$16.95,311741,442415,17.1,$16.87 - $17.18,$16.82,6:58pm 03/11 (AEDT),1.68%,2.67%,14.87%,-3.37%,-9.56%,-5.12%,2475831622,"159 of 2,408",15 of 150,146325746,Consumer Cyclical,WEB / ARB / LOV,0.529,0.28,1.115,"15 Buy
· 4 Hold
· 2 Sell",Buy,1/10/2023,CTD,31.98487713
6.27,0.08(1.29%),$6.25-$6.29,1048677,1355905,6.3,$6.26 - $6.34,$6.19,6:58pm 03/11 (AEDT),3.47%,-5.00%,1.46%,19.20%,13.02%,17.45%,2420108106,"162 of 2,408",16 of 150,385982154,Consumer Cyclical,CTD / ARB / LOV,0.038,0,0.082,"12 Buy
· 6 Hold
· 1 Sell",Buy,1/10/2023,WEB,165
0.815,0.00(0.00),$0.81-$0.825,3166111,6794018,0.825,$0.81 - $0.83,$0.82,6:58pm 03/11 (AEDT),3.16%,-12.83%,-24.19%,-15.10%,-21.29%,-16.86%,1860164956,"193 of 2,408",19 of 150,2282410989,Consumer Cyclical,BAP / IVC / LNW,0.029,0.023,-0.213,"9 Buy
· 5 Hold
· 1 Sell",Buy,1/10/2023,TAH,28.10344828
12.67,0.01(0.08%),$12.66-$12.69,2312768,498571,12.68,$12.66 - $12.69,$12.66,7:01pm 03/11 (AEDT),0.24%,0.88%,14.87%,22.06%,15.88%,20.31%,1825249487,"197 of 2,408",20 of 150,144060733,Consumer Cyclical,TAH / BAP / LNW,0.135,0.11,2.157,"0 Buy
· 7 Hold
· 4 Sell",Sell,1/10/2023,IVC,93.85185185
35.5,0.40(1.14%),$35.50-$35.54,1874760,1876943,35.38,$35.18 - $35.60,$35.10,6:58pm 03/11 (AEDT),0.91%,-3.72%,5.78%,10.76%,12.77%,9.01%,43366233030,"13 of 2,408",1 of 99,1221584029,Consumer Defensive,COL / CCL / EDV,1.323,1.04,0.601,"10 Buy
· 6 Hold
· 3 Sell",Buy,1/10/2023,WOW,26.8329554
15.45,0.12(0.78%),$15.39-$15.47,2191862,2769498,15.57,$15.38 - $15.57,$15.33,6:58pm 03/11 (AEDT),3.14%,-0.13%,-7.60%,-4.28%,-2.27%,-6.03%,20678149200,"21 of 2,408",2 of 99,1338391534,Consumer Defensive,CCL / EDV / TWE,0.779,0.66,0.987,"3 Buy
· 10 Hold
· 8 Sell",Sell,1/10/2023,COL,19.83311938
5.01,0.08(1.62%),$5.00-$5.03,4089519,4594666,4.97,$4.94 - $5.06,$4.93,6:58pm 03/11 (AEDT),3.30%,-4.21%,-21.96%,-28.63%,-,-30.39%,8972809885,"53 of 2,408",4 of 99,1790980017,Consumer Defensive,CCL / TWE / MTS,0.295,0.293,-0.308,"7 Buy
· 6 Hold
· 3 Sell",Hold,1/10/2023,EDV,16.98305085
3.74,0.02(0.54%),$3.73-$3.76,2821272,2448800,3.74,$3.72 - $3.775,$3.72,6:58pm 03/11 (AEDT),2.75%,0.27%,-6.03%,-6.03%,-4.02%,-7.78%,3654204651,"115 of 2,408",6 of 99,977060067,Consumer Defensive,A2M / BKL / GNC,0.267,0.225,0.183,"8 Buy
· 5 Hold
· 2 Sell",Buy,1/10/2023,MTS,14.00749064
7.14,0.10(1.42%),$7.06-$7.15,403841,484478,7.15,$7.11 - $7.22,$7.04,6:58pm 03/11 (AEDT),5.47%,5.31%,-3.77%,-13.45%,-11.45%,-15.21%,1601766159,"227 of 2,408",9 of 99,224336997,Consumer Defensive,UMG / CGC / ING,1.487,0.54,6.034,"7 Buy
· 4 Hold
· 1 Sell",Buy,1/10/2023,GNC,4.801613988
0.066,0.003(4.76%),$0.066-$0.07,454964,161094,0.065,$0.065 - $0.066,$0.06,6:58pm 03/11 (AEDT),-5.71%,-8.33%,-49.23%,-68.57%,-74.76%,-70.33%,25961742,"1,438 of 2,408",55 of 99,393359730,Consumer Defensive,WNX / BXN / SFG,-0.004,0,-0.17,nan,nan,nan,MMM,-16.5
34.01,0.16(0.47%),$34.00-$34.05,4262254,5111264,34.1,$33.81 - $34.28,$33.85,6:58pm 03/11 (AEDT),-2.55%,-6.18%,-4.03%,-7.43%,-3.44%,-9.19%,64576479712,"8 of 2,408",1 of 171,1898749771,Energy,WPL / STO / OSH,3.734,3.3974,16.707,"8 Buy
· 7 Hold
· 4 Sell",Hold,1/10/2023,WDS,9.108194965
7.42,0.09(-1.20%),$7.39-$7.45,10850167,8129617,7.59,$7.36 - $7.60,$7.51,6:58pm 03/11 (AEDT),-4.75%,-5.72%,3.92%,-5.12%,-1.12%,-6.87%,24098475371,"17 of 2,408",3 of 171,3247772961,Energy,WPL / OSH / ALD,0.523,0.3576,4.204,"15 Buy
· 4 Hold
· 0 Sell",Strong Buy,1/10/2023,STO,14.1873805
33.08,0.33(1.01%),$32.90-$33.20,664103,750220,33.19,$32.96 - $33.25,$32.75,6:58pm 03/11 (AEDT),4.12%,-2.22%,16.97%,19.55%,23.54%,17.80%,7883033435,"66 of 2,408",5 of 171,238302099,Energy,OSH / YAL / WHC,0.535,2.5,8.53,"11 Buy
· 3 Hold
· 0 Sell",Strong Buy,1/10/2023,ALD,61.8317757
4.71,0.07(-1.46%),$4.70-$4.72,1437445,1718133,4.8,$4.68 - $4.84,$4.78,6:58pm 03/11 (AEDT),-5.23%,-9.94%,-22.28%,-9.42%,-5.43%,-11.18%,6219269748,"84 of 2,408",6 of 171,1320439437,Energy,WHC / NHC / ALD,2.124,1.07,5.979,"4 Buy
· 1 Hold
· 0 Sell",Strong Buy,1/10/2023,YAL,2.217514124
7.15,0.14(-1.92%),$7.15-$7.16,4881885,8099005,7.33,$7.135 - $7.38,$7.29,6:58pm 03/11 (AEDT),-7.98%,-0.56%,-24.10%,-24.02%,-20.03%,-25.77%,5981695606,"87 of 2,408",7 of 171,836600784,Energy,YAL / NHC / VEA,3.028,0.74,6.273,"6 Buy
· 8 Hold
· 2 Sell",Hold,1/10/2023,WHC,2.361294584
9.69,0.16(1.68%),$9.64-$9.85,1887,34016,9.6,$9.60 - $9.85,$9.53,6:58pm 03/11 (AEDT),3.42%,3.42%,45.71%,59.37%,63.37%,57.62%,256271769,"618 of 2,408",28 of 171,26447035,Energy,HZN / CVN / COE,-0.14,0,0.849,"15 Buy
· 1 Hold
· 0 Sell",Strong Buy,1/10/2023,NXG,-69.21428571
5.43,0.04(-0.73%),$5.43-$5.52,3631956,3651414,5.53,$5.38 - $5.57,$5.47,6:58pm 03/11 (AEDT),-10.54%,-15.29%,-14.62%,-10.84%,-6.85%,-12.59%,4590171570,"102 of 2,408",8 of 171,845335464,Energy,VEA / BPT / WHC,1.186,0.96,2.902,"0 Buy
· 4 Hold
· 7 Sell",Strong Sell,1/10/2023,NHC,4.57841484
2.88,0.03(1.05%),$2.85-$2.89,10554541,4478451,2.89,$2.84 - $2.89,$2.85,6:58pm 03/11 (AEDT),1.41%,-4.00%,5.49%,1.41%,5.40%,-0.35%,4447198791,"104 of 2,408",9 of 171,1544166247,Energy,NHC / BPT / PDN,-0.056,0.218,1.141,"7 Buy
· 7 Hold
· 0 Sell",Buy,1/10/2023,VEA,-51.42857143
1.525,0.02(-1.29%),$1.525-$1.53,5569880,6835981,1.575,$1.525 - $1.575,$1.55,6:58pm 03/11 (AEDT),-0.97%,-6.44%,-4.39%,-5.57%,-1.58%,-7.33%,3479033825,"121 of 2,408",10 of 171,2281333656,Energy,PDN / VEA / NHC,0.176,0.04,1.666,"12 Buy
· 5 Hold
· 3 Sell",Buy,1/10/2023,BPT,8.664772727
1.005,0.015(-1.47%),$1.00-$1.01,21560872,17898358,1.04,$1.00 - $1.05,$1.02,6:58pm 03/11 (AEDT),1.52%,-8.64%,43.57%,21.82%,25.81%,20.06%,2998292411,"136 of 2,408",11 of 171,2983375533,Energy,BPT / ZEL / BOE,-0.004,0,0.031,"8 Buy
· 2 Hold
· 1 Sell",Buy,1/10/2023,PDN,-251.25
22.04,0.37(1.71%),$22.01-$22.15,4016206,3131924,22.49,$21.95 - $22.58,$21.67,6:58pm 03/11 (AEDT),9.38%,1.71%,26.96%,29.88%,31.38%,28.12%,41857972845,"14 of 2,408",1 of 99,1899182071,Real Estate,SCG / SGP / VCX,0.813,0.3,9.043,"14 Buy
· 1 Hold
· 0 Sell",Strong Buy,1/10/2023,GMG,27.10947109
2.58,0.06(2.38%),$2.56-$2.59,11435568,10571001,2.57,$2.56 - $2.60,$2.52,6:58pm 03/11 (AEDT),6.61%,4.45%,-10.42%,-10.42%,-8.92%,-12.17%,13391176115,"34 of 2,408",2 of 99,5190378339,Real Estate,SGP / VCX / MGR,-0.006,0.165,3.57,"10 Buy
· 3 Hold
· 2 Sell",Buy,1/10/2023,SCG,-430
4.18,0.27(6.91%),$4.06-$4.20,555107,234822,4.16,$4.16 - $4.21,$3.91,6:58pm 03/11 (AEDT),21.51%,8.85%,8.29%,10.88%,12.38%,9.12%,635739460,"388 of 2,408",41 of 99,152090780,Real Estate,PWG / QAL / RFF,-0.346,0,6.213,"9 Buy
· 8 Hold
· 5 Sell",Hold,1/10/2023,URW,-12.08092486
3.73,0.07(1.91%),$3.72-$3.75,10141246,6461825,3.7,$3.69 - $3.75,$3.66,6:58pm 03/11 (AEDT),4.78%,-4.36%,2.75%,7.80%,9.30%,6.05%,8904150299,"55 of 2,408",3 of 99,2387171662,Real Estate,VCX / MGR / GPT,0.182,0.262,2.243,"7 Buy
· 4 Hold
· 3 Sell",Hold,1/10/2023,SGP,20.49450549
1.795,0.025(1.41%),$1.79-$1.805,18463593,12035124,1.81,$1.795 - $1.825,$1.77,6:58pm 03/11 (AEDT),4.66%,4.97%,-10.25%,-5.77%,-4.27%,-7.53%,8171334268,"63 of 2,408",4 of 99,4552275358,Real Estate,MGR / GPT / SGP,0.06,0.12,2.301,"1 Buy
· 11 Hold
· 6 Sell",Sell,1/10/2023,VCX,29.91666667
1.945,0.04(2.10%),$1.93-$1.95,14662763,11920309,1.95,$1.92 - $1.97,$1.91,6:58pm 03/11 (AEDT),3.46%,-8.69%,-8.69%,-4.19%,-2.69%,-5.94%,7674698122,"69 of 2,408",5 of 99,3945860217,Real Estate,GPT / DXS / VCX,-0.042,0.105,2.656,"3 Buy
· 5 Hold
· 8 Sell",Sell,1/10/2023,MGR,-46.30952381
3.89,0.08(2.10%),$3.86-$3.90,7198814,4961637,3.92,$3.85 - $3.93,$3.81,6:58pm 03/11 (AEDT),9.58%,-0.26%,-7.38%,-9.95%,-8.45%,-11.71%,7451596203,"70 of 2,408",6 of 99,1915577430,Real Estate,DXS / MGR / VCX,-0.033,0.248,5.978,"8 Buy
· 3 Hold
· 4 Sell",Hold,1/10/2023,GPT,-117.8787879
6.89,0.17(2.53%),$6.84-$6.94,2937146,3542683,6.89,$6.85 - $6.94,$6.72,6:58pm 03/11 (AEDT),5.67%,-5.49%,-11.10%,-9.34%,-7.84%,-11.10%,7410644545,"71 of 2,408",7 of 99,1075565246,Real Estate,GPT / MGR / VCX,-0.637,0.516,10.771,"9 Buy
· 4 Hold
· 2 Sell",Buy,1/10/2023,DXS,-10.81632653
9.77,0.35(3.72%),$9.65-$9.86,1851170,1554849,9.69,$9.54 - $9.81,$9.42,6:58pm 03/11 (AEDT),11.91%,2.30%,-18.45%,-25.42%,-23.92%,-27.17%,4621182634,"100 of 2,408",8 of 99,472997199,Real Estate,LLC / SCP / NSR,0.407,0.4254,6.642,"9 Buy
· 5 Hold
· 1 Sell",Buy,1/10/2023,CHC,24.004914
2.06,0.03(1.48%),$2.04-$2.08,4216672,2726955,2.07,$2.04 - $2.08,$2.03,6:58pm 03/11 (AEDT),0.98%,-5.50%,-11.21%,-17.60%,-16.10%,-19.35%,2803926716,"145 of 2,408",11 of 99,1361129474,Real Estate,SCP / RGN / CLW,0.258,0.11,0.166,"6 Buy
· 5 Hold
· 2 Sell",Hold,1/10/2023,NSR,7.984496124
163.24,2.85(1.78%),$163.00-$163.30,1915313,803831,157.2,$155.30 - $163.46,$160.39,6:58pm 03/11 (AEDT),1.14%,-2.75%,-2.23%,-1.93%,1.59%,-3.68%,63088465323,"9 of 2,408",5 of 573,386476754,Financial Services,WBC / ANZ / NAB,13.163,7.5,75.886,"11 Buy
· 6 Hold
· 0 Sell",Buy,1/10/2023,MQG,12.40142825
81.18,16.33(25.18%),$80.50-$81.40,931761,129214,78.32,$78.32 - $81.50,$64.85,6:58pm 03/11 (AEDT),24.03%,16.59%,-11.70%,-7.19%,-,-8.95%,2742416022,"149 of 2,408",38 of 573,33781917,Financial Services,HUB / VEU / ETHI,-0.43,0,5.314,"36 Buy
· 13 Hold
· 2 Sell",Buy,1/10/2023,SQ2,-188.7906977
34.35,0.46(1.36%),$34.00-$34.45,390045,379902,34.28,$34.08 - $34.59,$33.89,6:58pm 03/11 (AEDT),0.67%,4.98%,24.19%,23.30%,27.29%,21.54%,12399246094,"37 of 2,408",10 of 573,360967863,Financial Services,VAS / ASX / IAG,2.186,0.94,23.443,"4 Buy
· 1 Hold
· 0 Sell",Strong Buy,1/10/2023,SOL,15.7136322
57.04,0.11(0.19%),$56.80-$57.40,526613,399858,57.49,$56.59 - $57.49,$56.93,6:58pm 03/11 (AEDT),2.72%,0.11%,-16.14%,-14.32%,-10.80%,-16.07%,11042668040,"44 of 2,408",11 of 573,193595162,Financial Services,SOL / VAS / MPL,1.639,2.283,1.782,"2 Buy
· 7 Hold
· 8 Sell",Sell,1/10/2023,ASX,34.80170836
38.4,1.15(3.09%),$37.60-$38.42,301074,44414,38.01,$37.60 - $38.40,$37.25,6:58pm 03/11 (AEDT),9.40%,-4.79%,9.22%,9.90%,13.42%,8.15%,329621914,"538 of 2,408",183 of 573,8583904,Financial Services,MYS / WXOZ / VAE,2.03,2.3479,4.177,"0 Buy
· 7 Hold
· 9 Sell",Strong Sell,1/10/2023,JHG,18.91625616
6,0.02(0.33%),$5.97-$6.11,1118381,1431728,6,$5.97 - $6.09,$5.98,6:58pm 03/11 (AEDT),2.92%,-5.96%,-21.26%,-14.77%,-11.26%,-16.53%,4145219850,"108 of 2,408",23 of 573,690869975,Financial Services,GQG / QUAL / IOZ,0.39,0.24,5.172,"9 Buy
· 6 Hold
· 1 Sell",Buy,1/10/2023,CGF,15.38461538
1.37,0.03(2.24%),$1.35-$1.38,1982208,3047845,1.36,$1.345 - $1.375,$1.34,6:58pm 03/11 (AEDT),2.62%,0,-1.79%,0,-,-1.75%,4045343445,"110 of 2,408",24 of 573,2952805434,Financial Services,QUAL / CGF / IOZ,0.081,0.0831,0.105,"8 Buy
· 1 Hold
· 0 Sell",Strong Buy,1/10/2023,GQG,16.91358025
13.45,0.15(1.13%),$13.30-$13.92,362007,452800,13.5,$13.36 - $13.70,$13.30,6:58pm 03/11 (AEDT),8.03%,-9.37%,11.16%,9.26%,12.78%,7.51%,3282154515,"125 of 2,408",30 of 573,244026358,Financial Services,AAA / A200 / NDQ,0.243,0.24,0.478,"8 Buy
· 6 Hold
· 3 Sell",Hold,1/10/2023,NWL,55.34979424
1.045,0.005(0.48%),$1.04-$1.05,6486602,10543204,1.055,$1.04 - $1.06,$1.04,6:58pm 03/11 (AEDT),1.95%,-14.34%,-20.53%,-17.06%,-13.55%,-18.82%,2874570148,"143 of 2,408",36 of 573,2750784831,Financial Services,IOO / AUB / VHY,-0.014,0.05,1.329,"1 Buy
· 7 Hold
· 6 Sell",Sell,1/10/2023,AMP,-74.64285714
32.25,0.47(1.48%),$31.85-$32.50,162990,259280,31.8,$31.53 - $32.39,$31.78,6:58pm 03/11 (AEDT),5.36%,0.19%,21.29%,25.39%,28.91%,23.64%,2623516151,"150 of 2,408",39 of 573,81349338,Financial Services,VEU / SQ2 / ETHI,0.461,0.325,0.629,"7 Buy
· 8 Hold
· 1 Sell",Buy,1/10/2023,HUB,69.95661605
11.04,1.06(-8.76%),$11.02-$11.19,10019715,2147718,11.35,$10.75 - $11.44,$12.10,6:58pm 03/11 (AEDT),-6.81%,-7.81%,-18.04%,-12.51%,-11.40%,-15.17%,7969203863,"64 of 2,408",5 of 99,721848176,Consumer Defensive,EDV / CCL / MTS,0.473,0.35,3.339,"14 Buy
· 3 Hold
· 3 Sell",Buy,1/10/2023,TWE,23.34038055
4,0.08(2.04%),$4.00-$4.03,2613072,2330715,3.94,$3.94 - $4.02,$3.92,6:58pm 03/11 (AEDT),3.09%,-5.88%,-41.86%,-27.14%,-25.13%,-28.89%,2891739232,"142 of 2,408",7 of 99,722934808,Consumer Defensive,MTS / BKL / GNC,0.211,0,1.437,"5 Buy
· 4 Hold
· 1 Sell",Buy,1/10/2023,A2M,18.95734597
3.14,0.04(1.29%),$3.11-$3.14,2242742,3106760,3.11,$3.10 - $3.14,$3.10,6:58pm 03/11 (AEDT),1.29%,0.32%,14.18%,22.18%,24.19%,20.43%,1459188750,"243 of 2,408",11 of 99,464709793,Consumer Defensive,ING / UMG / GNC,0.046,0.05,1.045,"7 Buy
· 7 Hold
· 0 Sell",Buy,1/10/2023,CGC,68.26086957
3.92,0.01(0.26%),$3.91-$3.94,3193935,1778755,3.94,$3.88 - $3.95,$3.91,6:58pm 03/11 (AEDT),16.32%,17.72%,37.06%,46.27%,48.28%,44.52%,1456984036,"244 of 2,408",12 of 99,371679601,Consumer Defensive,CGC / UMG / GNC,0.037,0.145,0.543,"10 Buy
· 3 Hold
· 1 Sell",Buy,1/10/2023,ING,105.9459459
6.2,0.20(3.33%),$6.17-$6.24,946430,643671,6.08,$6.01 - $6.24,$6.00,6:58pm 03/11 (AEDT),5.26%,8.39%,-38.86%,-52.74%,-50.74%,-54.50%,970154759,"304 of 2,408",14 of 99,156476574,Consumer Defensive,BGA / TGR / AHY,0.77,0.51,3.135,"7 Buy
· 7 Hold
· 1 Sell",Buy,1/10/2023,ELD,8.051948052
2.8,0.00(0.00),$2.80-$2.81,1367843,827132,2.83,$2.78 - $2.83,$2.80,6:58pm 03/11 (AEDT),-2.78%,12.45%,-27.84%,-14.89%,-12.89%,-16.65%,852649770,"323 of 2,408",15 of 99,304517775,Consumer Defensive,AHY / AAC / ELD,-0.756,0.075,1.771,"0 Buy
· 8 Hold
· 7 Sell",Sell,1/10/2023,BGA,-3.703703704
1.275,0.005(0.39%),$1.265-$1.31,475822,215816,1.27,$1.245 - $1.30,$1.27,6:58pm 03/11 (AEDT),8.97%,-3.41%,-27.14%,-29.36%,-27.35%,-31.12%,768527602,"341 of 2,408",17 of 99,602766747,Consumer Defensive,AHY / RIC / BGA,0.008,0,2.57,"4 Buy
· 1 Hold
· 0 Sell",Strong Buy,1/10/2023,AAC,159.375
2.22,0.01(-0.45%),$2.19-$2.26,398801,512985,2.23,$2.21 - $2.26,$2.23,6:58pm 03/11 (AEDT),3.26%,-3.48%,12.12%,3.26%,5.27%,1.50%,701148623,"364 of 2,408",18 of 99,315832713,Consumer Defensive,AAC / AHY / BGA,0.131,0.0825,0.854,"7 Buy
· 2 Hold
· 0 Sell",Strong Buy,1/10/2023,RIC,16.94656489
1.29,0.01(0.78%),$1.29-$1.32,317234,236616,1.285,$1.23 - $1.32,$1.28,6:58pm 03/11 (AEDT),-1.15%,-4.80%,-11.95%,-16.77%,-,-18.53%,536347414,"413 of 2,408",19 of 99,415773189,Consumer Defensive,SHV / HUO / SGLLV,0.018,0.033,0.676,"6 Buy
· 1 Hold
· 1 Sell",Buy,1/10/2023,CBO,71.66666667
4.07,0.16(4.09%),$4.00-$4.20,211415,180717,3.9,$3.90 - $4.10,$3.91,6:58pm 03/11 (AEDT),2.78%,2.26%,4.36%,-23.21%,-21.20%,-24.96%,492708762,"431 of 2,408",20 of 99,121058664,Consumer Defensive,CBO / HUO / SGLLV,-0.775,0.02,3.579,"6 Buy
· 2 Hold
· 1 Sell",Buy,1/10/2023,SHV,-5.251612903
23.15,0.29(-1.24%),$23.12-$23.44,3827691,3549122,23.42,$23.13 - $23.60,$23.44,6:58pm 03/11 (AEDT),3.07%,0.96%,-25.23%,-32.41%,-22.29%,-34.16%,13109666745,"38 of 2,408",4 of 219,566292300,Healthcare,FPH / RHC / SHL,0.615,0.1894,0.549,"10 Buy
· 7 Hold
· 0 Sell",Buy,1/10/2023,RMD,37.64227642
247.58,1.65(0.67%),$245.70-$248.52,104162,140143,247.27,$245.68 - $249.17,$245.93,6:58pm 03/11 (AEDT),2.04%,-2.81%,21.29%,27.30%,37.41%,25.54%,16224882962,"28 of 2,408",2 of 219,65533900,Healthcare,SHL / RMD / FPH,4.561,3.3,0.097,"3 Buy
· 12 Hold
· 9 Sell",Sell,1/10/2023,COH,54.28195571
29.52,0.32(1.10%),$29.41-$29.59,895079,979937,29.43,$29.30 - $29.63,$29.20,6:58pm 03/11 (AEDT),2.93%,-1.20%,-1.50%,-8.55%,1.57%,-10.30%,14005162117,"33 of 2,408",3 of 219,474429611,Healthcare,RMD / COH / FPH,1.45,1.04,-0.112,"10 Buy
· 6 Hold
· 4 Sell",Hold,1/10/2023,SHL,20.35862069
20.14,0.41(2.08%),$19.90-$20.17,271490,326399,19.9,$19.79 - $20.27,$19.73,6:58pm 03/11 (AEDT),5.33%,1.26%,-5.36%,13.91%,24.03%,12.16%,11724910789,"41 of 2,408",5 of 219,582170347,Healthcare,RHC / RMD / SHL,0.43,0.3762,2.878,"1 Buy
· 9 Hold
· 7 Sell",Sell,1/10/2023,FPH,46.8372093
50.7,0.41(0.82%),$50.04-$50.77,407709,404744,50.59,$50.31 - $51.17,$50.29,6:58pm 03/11 (AEDT),3.68%,-0.94%,-21.64%,-12.48%,-2.37%,-14.24%,11632338732,"42 of 2,408",6 of 219,229434689,Healthcare,FPH / RMD / SHL,1.164,0.75,-8.756,"6 Buy
· 13 Hold
· 1 Sell",Hold,1/10/2023,RHC,43.55670103
81.67,1.78(2.23%),$81.60-$82.48,118951,164521,81.09,$80.60 - $82.38,$79.89,6:58pm 03/11 (AEDT),7.66%,-2.55%,47.79%,46.86%,56.98%,45.11%,8530862636,"60 of 2,408",7 of 219,104455279,Healthcare,EBO / RHC / FPH,0.58,0.3,1.124,"5 Buy
· 10 Hold
· 1 Sell",Hold,1/10/2023,PME,140.8103448
33.96,0.16(0.47%),$33.80-$34.00,10469,18946,34.28,$33.80 - $34.28,$33.80,6:58pm 03/11 (AEDT),4.88%,4.91%,-17.01%,-0.70%,9.41%,-2.46%,6513789322,"77 of 2,408",8 of 219,191807695,Healthcare,PME / TLX / ANN,1.446,0.9093,-0.325,"6 Buy
· 5 Hold
· 1 Sell",Buy,1/10/2023,EBO,23.48547718
22.15,0.40(1.84%),$22.00-$22.16,259172,234605,21.82,$21.82 - $22.18,$21.75,6:58pm 03/11 (AEDT),4.43%,0.82%,-21.57%,-21.31%,-11.20%,-23.07%,2785846610,"147 of 2,408",10 of 219,125771856,Healthcare,TLX / SNZ / NEU,1.167,0.6946,2.107,"0 Buy
· 10 Hold
· 6 Sell",Sell,1/10/2023,ANN,18.98029135
8.9,0.02(0.23%),$8.90-$9.20,2,466,8.95,$8.90 - $8.95,$8.88,6:58pm 03/11 (AEDT),-0.22%,-2.84%,7.23%,-1.87%,8.24%,-3.63%,2085104300,"177 of 2,408",11 of 219,234281382,Healthcare,NEU / ANN / NAN,1.153,0.2685,9.375,"6 Buy
· 3 Hold
· 0 Sell",Buy,1/10/2023,SNZ,7.718993929
3.91,0.04(1.03%),$3.89-$3.93,752709,581378,3.95,$3.83 - $4.03,$3.87,6:58pm 03/11 (AEDT),2.89%,-6.01%,-8.86%,-7.13%,2.99%,-8.88%,1183195779,"275 of 2,408",13 of 219,302607616,Healthcare,HLS / PNV / NEU,0.065,0,0.541,"3 Buy
· 7 Hold
· 7 Sell",Sell,1/10/2023,NAN,60.15384615
0.4,0.00(0.00),$0.40-$0.405,17501,185870,0.4,$0.40 - $0.40,$0.40,6:58pm 03/11 (AEDT),2.56%,1.27%,11.11%,1.27%,3.28%,-0.49%,68183800,"1,055 of 2,408",36 of 99,170459499,Consumer Defensive,CSS / DBF / GDA,0.031,0.023,0.179,nan,nan,nan,PTL,12.90322581
0.395,0.00(0.00),$0.39-$0.40,92577,45439,0.4,$0.39 - $0.405,$0.40,6:58pm 03/11 (AEDT),-3.66%,-11.24%,-41.04%,-41.91%,-39.90%,-43.67%,56859911,"1,118 of 2,408",39 of 99,143949141,Consumer Defensive,GDA / DBF / EHH,0.02,0.03,0.211,nan,nan,nan,MCP,19.75
0.12,0.00(0.00),$0.115-$0.125,160641,190675,0.12,$0.12 - $0.12,$0.12,6:58pm 03/11 (AEDT),-7.69%,-11.11%,70.21%,42.86%,-,41.10%,19561607,"1,556 of 2,408",63 of 99,163013394,Consumer Defensive,OJC / FRM / WLD,-0.022,0,0.032,nan,nan,nan,BIO,-5.454545455
0.013,0.00(0.00),$0.011-$0.013,300000,453684,0.013,$0.013 - $0.013,$0.01,6:58pm 03/11 (AEDT),8.33%,18.18%,-45.83%,-51.85%,-49.84%,-53.61%,24721390,"1,467 of 2,408",57 of 99,1901645398,Consumer Defensive,WNX / SFG / FOD,-0.001,0,0.001,nan,nan,nan,BXN,-13
0.11,0.00(0.00),$0.12-$0.20,0,1029,,‐ - ‐,$0.11,6:58pm 03/11 (AEDT),0,0,-26.67%,-37.14%,-35.13%,-38.90%,14859128,"1,683 of 2,408",66 of 99,135082981,Consumer Defensive,NUC / BFC / E33,-0.037,0,0.257,nan,nan,nan,S66,-2.972972973
0.027,0.002(8.00%),$0.026-$0.03,48933,41330,0.025,$0.025 - $0.03,$0.03,6:58pm 03/11 (AEDT),-12.90%,-28.95%,-69.05%,-80.11%,-,-81.86%,6686294,"2,014 of 2,408",78 of 99,247640513,Consumer Defensive,YOW / AAP / EXL,-0.088,0,0.022,nan,nan,nan,HPC,-0.306818182
0.009,0.00(0.00),$0.009-$0.01,1958812,592619,0.009,$0.008 - $0.009,$0.01,6:58pm 03/11 (AEDT),28.57%,50.00%,-57.14%,-68.97%,-66.96%,-70.72%,5682095,"2,094 of 2,408",80 of 99,631343835,Consumer Defensive,1AG / AAP / EVE,-0.02,0,0.014,nan,nan,nan,EXL,-0.45
0.006,0.00(0.00),$0.006-$0.007,0,531319,,‐ - ‐,$0.01,6:58pm 03/11 (AEDT),0,0,-62.63%,-73.53%,-71.52%,-75.28%,3536917,"2,248 of 2,408",86 of 99,589486095,Consumer Defensive,JJF / NZS / CCO,-0.007,0,0.004,nan,nan,nan,SKN,-0.857142857
0.004,0.00(0.00),$0.003-$0.004,125250,1811945,0.004,$0.004 - $0.004,$0.00,6:58pm 03/11 (AEDT),14.29%,-11.11%,-73.33%,-80.00%,-,-81.75%,3268477,"2,271 of 2,408",89 of 99,817119281,Consumer Defensive,NZS / JJF / SKN,-0.016,0,-0.001,nan,nan,nan,CCO,-0.25
0.01,0.00(0.00),$0.009-$0.012,0,138590,,‐ - ‐,$0.01,6:58pm 03/11 (AEDT),-23.08%,0,-65.52%,-67.74%,-65.73%,-69.50%,2788001,"2,299 of 2,408",92 of 99,278800067,Consumer Defensive,FFF / HLF / HVM,-0.007,0,0.01,nan,nan,nan,HCT,-1.428571429
15.68,0.13(-0.82%),$15.50-$15.84,3318064,3078372,15.94,$15.57 - $15.94,$15.81,6:58pm 03/11 (AEDT),1.10%,0.84%,16.75%,24.35%,27.86%,22.59%,23424592061,"18 of 2,408",6 of 573,1493915310,Financial Services,SUN / IAG / VAS,0.668,0.44,1.819,"16 Buy
· 1 Hold
· 0 Sell",Strong Buy,1/10/2023,QBE,23.47305389
13.52,0.04(-0.30%),$13.40-$13.54,2425976,2415184,13.74,$13.47 - $13.74,$13.56,6:58pm 03/11 (AEDT),0.07%,-2.52%,12.29%,14.48%,18.00%,12.73%,17173951893,"26 of 2,408",7 of 573,1270262714,Financial Services,IAG / VAS / SOL,0.885,0.6,6.304,"15 Buy
· 1 Hold
· 0 Sell",Strong Buy,1/10/2023,SUN,15.27683616
5.77,0.04(-0.69%),$5.72-$5.80,3828550,5630267,5.83,$5.765 - $5.83,$5.81,6:58pm 03/11 (AEDT),1.41%,2.30%,21.47%,16.10%,19.62%,14.34%,14009548708,"32 of 2,408",8 of 573,2427998043,Financial Services,VAS / SOL / ASX,0.322,0.15,1.243,"7 Buy
· 8 Hold
· 2 Sell",Hold,1/10/2023,IAG,17.91925466
3.46,0.02(0.58%),$3.45-$3.48,2741059,5847753,3.45,$3.435 - $3.47,$3.44,6:58pm 03/11 (AEDT),-0.86%,0.58%,17.29%,19.31%,22.83%,17.56%,9528851210,"52 of 2,408",12 of 573,2754003240,Financial Services,AFI / ASX / SOL,0.186,0.146,0.638,"8 Buy
· 7 Hold
· 0 Sell",Buy,1/10/2023,MPL,18.60215054
5.52,0.05(0.91%),$5.40-$5.59,2544358,1641391,5.49,$5.42 - $5.54,$5.47,6:58pm 03/11 (AEDT),-1.25%,-1.08%,0.91%,8.88%,12.39%,7.12%,5732861660,"88 of 2,408",18 of 573,1038561895,Financial Services,IVV / VGS / BEN,0.184,0.15,-0.28,"8 Buy
· 7 Hold
· 0 Sell",Buy,1/10/2023,SDF,30
7.35,0.07(0.96%),$7.35-$7.50,691828,816518,7.37,$7.30 - $7.40,$7.28,6:58pm 03/11 (AEDT),1.10%,-0.54%,-5.16%,6.37%,9.89%,4.61%,3559434149,"117 of 2,408",27 of 573,484276755,Financial Services,BOQ / VTS / NDQ,0.403,0.28,1.027,"6 Buy
· 9 Hold
· 1 Sell",Buy,1/10/2023,NHF,18.2382134
27.68,0.48(1.77%),$27.50-$27.84,350894,209517,27.44,$27.23 - $27.92,$27.20,6:58pm 03/11 (AEDT),0.65%,-3.79%,22.86%,30.63%,34.15%,28.87%,3000667562,"135 of 2,408",35 of 573,108405620,Financial Services,VHY / GOLD / AMP,0.651,0.64,-6.245,"13 Buy
· 1 Hold
· 0 Sell",Strong Buy,1/10/2023,AUB,42.51920123
4.36,0.16(-3.54%),$4.25-$4.45,707680,63207,4.43,$4.20 - $4.45,$4.52,6:58pm 03/11 (AEDT),-4.60%,-8.98%,-12.97%,-11.92%,-8.40%,-13.67%,1567332687,"233 of 2,408",61 of 573,359479974,Financial Services,MFF / PPH / WAM,0.157,0.135,-0.184,"8 Buy
· 3 Hold
· 0 Sell",Strong Buy,1/10/2023,PSI,27.77070064
0.53,0.01(1.92%),$0.52-$0.535,116413,106991,0.535,$0.525 - $0.535,$0.52,6:58pm 03/11 (AEDT),-1.85%,7.07%,13.98%,9.28%,12.80%,7.52%,350350483,"521 of 2,408",179 of 573,661038648,Financial Services,F100 / ALI / WDIV,0.033,0.03,0.692,nan,nan,nan,CVW,16.06060606
1.505,0.00(0.00),$1.50-$1.55,0,60048,,‐ - ‐,$1.51,6:58pm 03/11 (AEDT),-2.90%,-5.05%,21.37%,29.18%,32.70%,27.43%,286868428,"585 of 2,408",206 of 573,190610251,Financial Services,IHD / PLUS / GBND,0.024,0.02,0.295,"7 Buy
· 1 Hold
· 0 Sell",Strong Buy,1/10/2023,GDG,62.70833333
45.5,0.12(0.26%),$45.50-$45.52,6766318,7345298,45.8,$45.43 - $45.88,$45.38,6:58pm 03/11 (AEDT),1.27%,2.02%,-0.28%,19.80%,5.93%,18.05%,2.31E+11,"1 of 2,408",1 of 978,5068739787,Basic Materials,FMG / RIO / NCM,2.547,2.6143,8.184,"11 Buy
· 9 Hold
· 3 Sell",Buy,1/10/2023,BHP,17.86415391
23.23,0.02(-0.09%),$23.15-$23.24,4598296,4429937,23.39,$23.06 - $23.47,$23.25,6:58pm 03/11 (AEDT),4.59%,10.30%,13.26%,52.03%,38.16%,50.28%,71524355045,"7 of 2,408",2 of 978,3078964918,Basic Materials,RIO / NCM / NEM,1.557,1.75,5.745,"2 Buy
· 3 Hold
· 15 Sell",Strong Sell,1/10/2023,FMG,14.91971741
58.94,0.69(1.19%),$58.50-$60.00,324292,851714,59.26,$58.50 - $59.45,$58.25,6:58pm 03/11 (AEDT),-0.94%,-0.94%,-0.94%,-0.94%,-,-2.70%,20786006847,"20 of 2,408",5 of 978,352663842,Basic Materials,NCM / JHX / S32,-1.06,0,21.871,nan,nan,nan,NEM,-55.60377358
122.6,0.84(0.69%),$122.00-$122.68,1560659,1213521,121.54,$121.52 - $123.15,$121.76,6:58pm 03/11 (AEDT),4.19%,6.76%,5.32%,35.38%,21.51%,33.63%,45511107836,"11 of 2,408",3 of 978,371216214,Basic Materials,NCM / NEM / FMG,5.27,5.8738,29.015,"12 Buy
· 5 Hold
· 1 Sell",Buy,1/10/2023,RIO,23.26375712
13.79,0.13(0.95%),$13.74-$13.79,4111185,2242606,13.67,$13.63 - $13.79,$13.66,6:58pm 03/11 (AEDT),1.70%,-2.96%,-22.09%,-19.92%,-33.79%,-21.67%,8847212777,"56 of 2,408",13 of 978,641567279,Basic Materials,BSL / OZL / PMGOLD,0.655,0.7394,-1.982,"1 Buy
· 6 Hold
· 6 Sell",Sell,1/10/2023,AMC,21.05343511
41.1,0.23(0.56%),$40.55-$41.80,984502,1015583,41.56,$40.55 - $41.61,$40.87,6:58pm 03/11 (AEDT),6.09%,0.98%,55.68%,24.36%,10.48%,22.60%,17992463642,"25 of 2,408",6 of 978,437772838,Basic Materials,NEM / NCM / S32,1.14,0,2.866,"14 Buy
· 3 Hold
· 1 Sell",Strong Buy,1/10/2023,JHX,36.05263158
3.32,0.00(0.00),$3.31-$3.33,9145589,16906395,3.35,$3.31 - $3.36,$3.32,6:58pm 03/11 (AEDT),2.47%,-4.87%,-17.00%,-9.78%,-23.66%,-11.54%,15037138446,"30 of 2,408",7 of 978,4529258568,Basic Materials,NST / JHX / MIN,-0.038,0.1232,2.017,"14 Buy
· 5 Hold
· 0 Sell",Strong Buy,1/10/2023,S32,-87.36842105
11.62,0.04(0.35%),$11.60-$11.62,4386552,5248814,11.58,$11.47 - $11.67,$11.58,6:58pm 03/11 (AEDT),-3.17%,10.77%,6.51%,34.34%,20.46%,32.58%,13353949368,"35 of 2,408",8 of 978,1149221116,Basic Materials,MIN / S32 / PLS,0.503,0.265,7.315,"10 Buy
· 8 Hold
· 0 Sell",Buy,1/10/2023,NST,23.10139165
61.07,1.42(2.38%),$61.00-$61.60,780159,961879,61.35,$61.07 - $61.94,$59.65,7:57pm 03/11 (AEDT),3.33%,-9.57%,-20.89%,-13.02%,-26.89%,-14.77%,11920035158,"39 of 2,408",9 of 978,195186428,Basic Materials,PLS / NST / PMGOLD,3.805,1.9,17.689,"13 Buy
· 4 Hold
· 3 Sell",Buy,1/10/2023,MIN,16.0499343
3.75,0.11(3.02%),$3.74-$3.75,32842788,31521298,3.77,$3.71 - $3.85,$3.64,6:58pm 03/11 (AEDT),-2.85%,-10.93%,0,-25.45%,-39.32%,-27.20%,11285484975,"43 of 2,408",10 of 978,3009462660,Basic Materials,MIN / PMGOLD / OZL,0.789,0.25,1.126,"11 Buy
· 8 Hold
· 2 Sell",Buy,1/10/2023,PLS,4.752851711
34.36,0.41(1.21%),$33.00-$36.08,69788,224082,34.47,$34.36 - $34.75,$33.95,6:58pm 03/11 (AEDT),2.41%,4.98%,26.05%,32.87%,28.01%,31.12%,977544268,"293 of 2,408",13 of 97,28450066,Communication Services,TUA / ABB / OML,0.26,0.2133,0.763,"11 Buy
· 2 Hold
· 0 Sell",Strong Buy,1/10/2023,NWS,132.1538462
32,0.26(-0.81%),‐-‐,175,13181,32.25,$32.00 - $32.25,$32.26,6:58pm 03/11 (AEDT),-0.62%,3.23%,23.08%,24.13%,-,22.37%,123648096,"869 of 2,408",-,3864003,nan,-,0.26,0.2133,0.763,nan,nan,nan,NWSLV,123.0769231
155.4,3.31(2.18%),$154.00-$156.65,189854,181347,155,$153.48 - $156.48,$152.09,6:58pm 03/11 (AEDT),5.51%,1.02%,40.25%,31.75%,26.90%,30.00%,20531015522,"22 of 2,408",2 of 97,132117217,Communication Services,CAR / TPG / SPK,2.695,1.58,4.479,"3 Buy
· 9 Hold
· 7 Sell",Sell,1/10/2023,REA,57.66233766
28.65,0.09(0.32%),$28.15-$28.97,960407,1226651,29.02,$28.57 - $29.13,$28.56,6:58pm 03/11 (AEDT),2.91%,3.96%,38.99%,38.06%,33.21%,36.31%,10801547364,"45 of 2,408",3 of 97,377017360,Communication Services,TPG / SPK / SEK,1.811,0.61,-2.949,"13 Buy
· 7 Hold
· 0 Sell",Buy,1/10/2023,CAR,15.81998896
21.8,0.16(0.74%),$21.60-$22.18,986774,840007,21.89,$21.65 - $22.04,$21.64,6:58pm 03/11 (AEDT),4.86%,-1.62%,4.06%,0.65%,-4.21%,-1.11%,7765600142,"68 of 2,408",6 of 97,356220190,Communication Services,SPK / TPG / CAR,0.564,0.47,0.19,"10 Buy
· 5 Hold
· 2 Sell",Buy,1/10/2023,SEK,38.65248227
1.915,0.035(1.86%),$1.905-$1.925,1942500,2908145,1.91,$1.9025 - $1.93,$1.88,6:58pm 03/11 (AEDT),5.22%,-6.59%,4.08%,-9.24%,-14.10%,-11.00%,3114308188,"132 of 2,408",9 of 97,1626270594,Communication Services,CNU / VOC / UWL,0.11,0.11,-0.471,"9 Buy
· 5 Hold
· 0 Sell",Buy,1/10/2023,NEC,17.40909091
3.6,0.00(0.00),$3.58-$3.62,1181415,723777,3.63,$3.60 - $3.71,$3.60,6:58pm 03/11 (AEDT),1.69%,-7.93%,32.84%,8.11%,3.25%,6.35%,2273965751,"172 of 2,408",11 of 97,631657153,Communication Services,EVT / CNU / NEC,0.058,0.06,-0.449,"1 Buy
· 10 Hold
· 6 Sell",Sell,1/10/2023,DHG,62.06896552
10.85,0.13(1.21%),$10.75-$11.00,142629,118664,10.93,$10.77 - $11.04,$10.72,6:58pm 03/11 (AEDT),3.93%,-0.73%,-14.77%,-25.89%,-30.74%,-27.64%,1760687623,"204 of 2,408",12 of 97,162275357,Communication Services,DHG / NWS / TUA,0.655,0.46,2.347,"6 Buy
· 4 Hold
· 0 Sell",Buy,1/10/2023,EVT,16.5648855
1.345,0.03(2.28%),$1.31-$1.39,265533,602027,1.33,$1.325 - $1.355,$1.32,6:58pm 03/11 (AEDT),3.46%,-4.95%,4.67%,3.07%,-1.79%,1.31%,724660830,"354 of 2,408",16 of 97,538781286,Communication Services,OPC / MNF / ABB,0.054,0.0475,0.112,"6 Buy
· 4 Hold
· 0 Sell",Buy,1/10/2023,OML,24.90740741
0.27,0.005(1.89%),$0.265-$0.27,1044006,1128745,0.27,$0.265 - $0.275,$0.27,6:58pm 03/11 (AEDT),1.89%,-11.48%,-31.65%,-44.90%,-49.75%,-46.65%,419464235,"467 of 2,408",21 of 97,1553571241,Communication Services,HTA / SKT / HT1,0.092,0,-0.216,"1 Buy
· 9 Hold
· 6 Sell",Sell,1/10/2023,SWM,2.934782609
6.88,0.10(1.48%),$6.87-$6.93,445370,389981,6.79,$6.79 - $6.93,$6.78,6:58pm 03/11 (AEDT),5.20%,0.58%,-7.77%,-4.58%,-,-6.33%,8576260182,"59 of 2,408",13 of 573,1246549445,Financial Services,MPL / ARG / MGOC,0,0.25,0,nan,nan,nan,AFI,nan
8.47,0.07(0.83%),$8.42-$8.50,272957,236408,8.45,$8.45 - $8.51,$8.40,6:58pm 03/11 (AEDT),2.29%,-1.74%,-5.26%,-4.29%,-,-6.05%,6424997686,"80 of 2,408",14 of 573,758559349,Financial Services,MGOC / VGS / IVV,0,0.345,0,nan,nan,nan,ARG,nan
1.78,0.01(0.57%),$1.78-$1.785,2013454,2651605,1.79,$1.78 - $1.795,$1.77,6:58pm 03/11 (AEDT),2.01%,8.21%,25.80%,32.84%,-,31.08%,2520346863,"155 of 2,408",42 of 573,1415925204,Financial Services,ETHI / BFL / VGAD,0,0.0735,0,nan,nan,nan,MGF,nan
2.02,0.00(0.00),$2.02-$2.03,1130653,1119174,2.03,$2.02 - $2.03,$2.02,6:58pm 03/11 (AEDT),0,0,3.32%,6.32%,-,4.56%,1783487246,"199 of 2,408",54 of 573,882914478,Financial Services,LSF / WLE / PNI,0,0.172,0,nan,nan,nan,MXT,nan
1.38,0.00(0.00),$1.38-$1.385,968339,758688,1.39,$1.375 - $1.395,$1.38,6:58pm 03/11 (AEDT),0,-8.61%,-5.80%,-10.10%,-,-11.85%,1738802034,"207 of 2,408",56 of 573,1260001474,Financial Services,PNI / VAF / LSF,0,0.13,0.294,nan,nan,nan,WLE,nan
2.86,0.06(2.14%),$2.82-$2.86,533122,379764,2.81,$2.80 - $2.86,$2.80,6:58pm 03/11 (AEDT),5.15%,1.42%,3.25%,16.26%,-,14.51%,1771649131,"201 of 2,408",55 of 573,619457738,Financial Services,MXT / WLE / PNI,0,0.105,0,nan,nan,nan,LSF,nan
1.54,0.03(1.99%),$1.54-$1.56,692079,983308,1.52,$1.52 - $1.56,$1.51,6:58pm 03/11 (AEDT),3.70%,-10.20%,-4.94%,-9.41%,-,-11.17%,1704802211,"215 of 2,408",59 of 573,1107014423,Financial Services,VAF / PNI / WLE,0,0.155,0,nan,nan,nan,WAM,nan
2.82,0.02(0.71%),$2.82-$2.83,203553,260725,2.83,$2.82 - $2.84,$2.80,6:58pm 03/11 (AEDT),0.36%,-4.73%,23.68%,21.03%,-,19.28%,1625761257,"222 of 2,408",60 of 573,576511084,Financial Services,PSI / WAM / VAF,0,0.095,0,nan,nan,nan,MFF,nan
1.705,0.00(0.00),$1.70-$1.71,118615,240370,1.7,$1.70 - $1.71,$1.71,6:58pm 03/11 (AEDT),-0.29%,-1.73%,-5.01%,0.29%,-,-1.46%,1368816518,"251 of 2,408",64 of 573,802824937,Financial Services,IFL / IXJ / MFG,0,0.082,0,nan,nan,nan,BKI,nan
9.49,0.01(0.11%),$9.49-$9.53,20678,19628,9.48,$9.48 - $9.53,$9.48,6:58pm 03/11 (AEDT),0.53%,-1.35%,-0.52%,2.15%,-,0.40%,1200307679,"269 of 2,408",70 of 573,126481315,Financial Services,QPON / LFG / HLI,0,0.37,0,nan,nan,nan,AUI,nan
244,5.90(2.48%),$243.95-$244.10,1098729,940363,239.99,$239.60 - $244.155,$238.10,6:58pm 03/11 (AEDT),4.12%,-0.96%,-15.21%,-12.34%,-2.22%,-14.09%,1.18E+11,"3 of 2,408",1 of 219,483064837,Healthcare,COH / SHL / RMD,4.53,3.6292,-1.366,"17 Buy
· 3 Hold
· 0 Sell",Strong Buy,1/10/2023,CSL,53.86313466
9.24,0.14(1.54%),$9.20-$9.27,857962,1053843,9.24,$9.18 - $9.445,$9.10,6:58pm 03/11 (AEDT),6.82%,-18.95%,27.10%,36.08%,46.20%,34.33%,2987888488,"137 of 2,408",9 of 219,323364555,Healthcare,ANN / SNZ / NEU,-0.149,0,0.028,"10 Buy
· 1 Hold
· 1 Sell",Strong Buy,1/10/2023,TLX,-62.01342282
12.25,0.96(8.50%),$12.08-$12.39,1682266,443894,12.41,$12.075 - $13.92,$11.29,6:58pm 03/11 (AEDT),20.33%,9.57%,54.09%,63.33%,73.45%,61.58%,1550429531,"236 of 2,408",12 of 219,126565676,Healthcare,NAN / HLS / SNZ,0.436,0,0.322,"7 Buy
· 1 Hold
· 1 Sell",Buy,1/10/2023,NEU,28.09633028
15.46,0.53(3.55%),$15.46-$15.59,49371,74633,15.05,$15.05 - $15.63,$14.93,6:58pm 03/11 (AEDT),0.85%,4.88%,-28.66%,-20.72%,-10.60%,-22.47%,763883825,"342 of 2,408",18 of 219,49410338,Healthcare,REG / API / EHE,0.591,0.05,3.328,"6 Buy
· 1 Hold
· 0 Sell",Strong Buy,1/10/2023,CUV,26.15905245
3.25,0.08(2.52%),$3.24-$3.28,142616,274450,3.3,$3.25 - $3.35,$3.17,6:58pm 03/11 (AEDT),6.21%,-27.29%,65.82%,115.95%,126.06%,114.19%,193832454,"710 of 2,408",48 of 219,59640755,Healthcare,BOT / ONT / CAJ,-0.244,0,0.662,"13 Buy
· 1 Hold
· 0 Sell",Strong Buy,1/10/2023,AVH,-13.31967213
0.3,0.00(0.00),$0.30-$0.31,843810,1898613,0.305,$0.30 - $0.3175,$0.30,6:58pm 03/11 (AEDT),-3.23%,5.26%,10.81%,-4.77%,5.34%,-6.53%,356650368,"512 of 2,408",27 of 219,1188834559,Healthcare,IMU / AFP / JHC,-0.045,0,0.107,"8 Buy
· 1 Hold
· 0 Sell",Strong Buy,1/10/2023,IMM,-6.666666667
3.2,0.00(0.00),$3.09-$3.20,2500,569,3.2,$3.20 - $3.20,$3.20,6:58pm 03/11 (AEDT),0,-5.33%,-5.88%,-1.23%,8.88%,-2.99%,335572032,"530 of 2,408",29 of 219,104866260,Healthcare,IMU / MYX / IMM,0.1,0.0069,0.264,"5 Buy
· 2 Hold
· 0 Sell",Strong Buy,1/10/2023,AFP,32
0.37,0.005(1.37%),$0.37-$0.375,1608612,1159621,0.37,$0.36 - $0.375,$0.37,6:58pm 03/11 (AEDT),0,-3.90%,-57.47%,-60.43%,-50.31%,-62.18%,301255785,"566 of 2,408",32 of 219,814204825,Healthcare,CAU / AVR / CU6,-0.111,0,-0.093,"7 Buy
· 2 Hold
· 1 Sell",Buy,1/10/2023,MSB,-3.333333333
3.72,0.03(0.81%),$3.64-$3.82,133137,364295,3.59,$3.59 - $3.82,$3.69,6:58pm 03/11 (AEDT),-2.87%,13.76%,-7.00%,-34.74%,-24.62%,-36.49%,316476351,"547 of 2,408",30 of 219,85074288,Healthcare,AVR / MSB / CAU,-3.86,0,0.201,"0 Buy
· 3 Hold
· 5 Sell",Strong Sell,1/10/2023,MYX,-0.96373057
0.048,0.005(11.63%),$0.047-$0.048,31216017,23908889,0.043,$0.043 - $0.049,$0.04,6:58pm 03/11 (AEDT),14.29%,-4.00%,-66.90%,-74.74%,-64.62%,-76.49%,343918793,"525 of 2,408",28 of 219,7164974859,Healthcare,AFP / IMM / MYX,-0.006,0,0,"5 Buy
· 1 Hold
· 0 Sell",Strong Buy,1/10/2023,IMU,-8
6.38,0.07(1.11%),$6.34-$6.50,2122244,2393321,6.31,$6.30 - $6.52,$6.31,6:58pm 03/11 (AEDT),1.27%,-10.27%,-18.62%,-18.62%,-17.12%,-20.38%,4399853736,"105 of 2,408",9 of 99,689632247,Real Estate,CHC / SCP / NSR,-0.34,0.16,7.801,"6 Buy
· 5 Hold
· 2 Sell",Hold,1/10/2023,LLC,-18.76470588
11.54,0.01(-0.09%),$11.37-$11.60,206392,381856,11.74,$11.36 - $11.74,$11.55,6:58pm 03/11 (AEDT),6.56%,0.61%,-3.43%,-23.17%,-21.67%,-24.92%,2046625612,"180 of 2,408",16 of 99,177350573,Real Estate,AVN / BWP / CIP,-0.123,0,-1.742,"10 Buy
· 1 Hold
· 1 Sell",Strong Buy,1/10/2023,PXA,-93.82113821
16.8,0.26(1.57%),$16.00-$16.86,132386,227304,16.79,$16.67 - $16.92,$16.54,6:58pm 03/11 (AEDT),8.60%,4.87%,-11.90%,-0.88%,0.62%,-2.64%,1756358201,"205 of 2,408",20 of 99,104545131,Real Estate,INA / CQR / CIP,0.78,0.115,5.02,"7 Buy
· 4 Hold
· 0 Sell",Buy,1/10/2023,LIC,21.53846154
0.52,0.00(0.00),$0.51-$0.53,0,10468,,‐ - ‐,$0.52,6:58pm 03/11 (AEDT),1.96%,-8.77%,-5.88%,-4.59%,-3.09%,-6.34%,271378205,"599 of 2,408",54 of 99,521881164,Real Estate,SRV / APZ / APD,0.051,0.04,1.078,nan,nan,nan,UOS,10.19607843
2.43,0.00(0.00),‐-$2.42,0,187,,‐ - ‐,$2.43,6:58pm 03/11 (AEDT),0.83%,0.83%,-10.66%,-6.54%,-5.04%,-8.29%,720771378,"355 of 2,408",37 of 99,296613736,Real Estate,COF / RFF / QAL,0.21,0.0387,1.712,"4 Buy
· 1 Hold
· 0 Sell",Strong Buy,1/10/2023,WTN,11.57142857
2.34,0.04(1.74%),$2.28-$2.35,23634,96120,2.315,$2.27 - $2.35,$2.30,6:58pm 03/11 (AEDT),0.43%,4.46%,-16.43%,-6.02%,-,-7.78%,692677564,"368 of 2,408",40 of 99,296016053,Real Estate,RFF / COF / WTN,0.076,0.075,1.209,"6 Buy
· 1 Hold
· 0 Sell",Strong Buy,1/10/2023,QAL,30.78947368
1.18,0.00(0.00),$1.18-$1.20,0,89161,,‐ - ‐,$1.18,6:58pm 03/11 (AEDT),-0.84%,-3.28%,4.42%,5.83%,7.33%,4.08%,555401471,"404 of 2,408",43 of 99,470679213,Real Estate,PWG / HPI / AQR,0.139,0.075,0.099,nan,nan,nan,PPC,8.489208633
4.6,0.05(1.10%),$4.52-$4.60,31555,42038,4.57,$4.55 - $4.66,$4.55,6:58pm 03/11 (AEDT),7.23%,0.66%,6.24%,15.00%,16.50%,13.25%,379124723,"499 of 2,408",46 of 99,82418418,Real Estate,REP / DXC / CDP,0.38,0.2,0.733,"4 Buy
· 4 Hold
· 0 Sell",Buy,1/10/2023,CWP,12.10526316
2.9,0.03(-1.02%),$2.90-$3.01,38533,12691,2.92,$2.89 - $2.93,$2.93,6:58pm 03/11 (AEDT),0,-4.61%,-10.22%,-14.71%,-13.21%,-16.46%,281069125,"591 of 2,408",53 of 99,96920388,Real Estate,UOS / APZ / APD,0.306,0.22,0.947,"7 Buy
· 1 Hold
· 0 Sell",Strong Buy,1/10/2023,SRV,9.477124183
0.65,0.005(0.78%),$0.645-$0.69,171941,20661,0.65,$0.64 - $0.66,$0.65,6:58pm 03/11 (AEDT),0,-0.76%,3.17%,-2.99%,-1.49%,-4.74%,176880042,"732 of 2,408",62 of 99,272123142,Real Estate,NPR / AOF / WOT,0.012,0,0.882,nan,nan,nan,FRI,54.16666667
3.9,0.42(12.07%),$3.90-$3.98,1270163,1236910,3.65,$3.65 - $4.02,$3.48,7:53pm 03/11 (AEDT),2.09%,16.07%,20.00%,32.20%,15.59%,30.45%,732632800,"351 of 2,408",21 of 239,187854564,Technology,FCL / NTO / IFM,-0.222,0,0.451,nan,nan,nan,WBT,-17.56756757
0.125,0.01(8.70%),$0.125-$0.13,6817292,5315701,0.115,$0.115 - $0.135,$0.12,6:58pm 03/11 (AEDT),13.64%,-7.41%,247.22%,400.00%,383.39%,398.25%,218392907,"673 of 2,408",46 of 239,1747143252,Technology,QOR / EPD / DUG,-0.004,0,0.003,nan,nan,nan,4DS,-31.25
0.41,0.01(2.50%),$0.40-$0.41,81947,163552,0.4,$0.40 - $0.41,$0.40,6:58pm 03/11 (AEDT),2.50%,-18.81%,-33.33%,-39.26%,-53.13%,-41.01%,104487275,"908 of 2,408",67 of 239,254847013,Technology,CRO / PX1 / LME,-0.036,0,0.101,nan,nan,nan,AXE,-11.38888889
0.061,0.003(-4.69%),$0.06-$0.061,3486425,2227246,0.064,$0.059 - $0.065,$0.06,6:58pm 03/11 (AEDT),8.93%,52.50%,134.73%,110.45%,93.84%,108.70%,93210785,"939 of 2,408",73 of 239,1528045654,Technology,VLT / PTG / WCG,-0.009,0,0.009,nan,nan,nan,BLG,-6.777777778
0.17,0.005(3.03%),$0.155-$0.17,12400,21843,0.15,$0.15 - $0.17,$0.17,6:58pm 03/11 (AEDT),-2.86%,47.83%,30.77%,30.77%,14.15%,29.02%,18005831,"1,585 of 2,408",141 of 239,105916654,Technology,CF1 / FLX / VIG,-0.068,0,0.057,nan,nan,nan,RVS,-2.5
0.003,0.001(-25.00%),$0.003-$0.004,6371418,291437,0.004,$0.003 - $0.004,$0.00,6:58pm 03/11 (AEDT),-25.00%,0,-94.23%,-96.20%,-112.82%,-97.96%,2305138,"2,325 of 2,408",228 of 239,768379278,Technology,DC2 / SIS / AO1,-0.031,0,0.014,nan,nan,nan,PVS,-0.096774194
60.05,0.07(0.12%),$59.88-$61.00,453986,553763,60.61,$59.79 - $60.96,$59.98,6:58pm 03/11 (AEDT),2.13%,-7.01%,18.33%,4.80%,-11.82%,3.05%,20015583165,"23 of 2,408",1 of 239,333315290,Technology,APT / XRO / NXT,0.693,0.15,-0.893,"10 Buy
· 8 Hold
· 1 Sell",Buy,1/10/2023,WTC,86.65223665
112.29,1.54(1.39%),$111.95-$112.60,326421,381557,113.5,$110.37 - $113.67,$110.75,6:58pm 03/11 (AEDT),5.63%,-0.58%,59.80%,51.56%,34.94%,49.81%,17008348345,"27 of 2,408",3 of 239,151468059,Technology,APT / WTC / NXT,-0.711,0,0.556,"15 Buy
· 4 Hold
· 2 Sell",Buy,1/10/2023,XRO,-157.9324895
12.45,0.21(1.72%),$12.40-$12.57,1000437,1105434,12.43,$12.34 - $12.55,$12.24,6:58pm 03/11 (AEDT),4.97%,0.57%,38.08%,48.53%,31.92%,46.78%,6408112085,"81 of 2,408",4 of 239,514707798,Technology,ALU / TNE / DDR,-0.009,0,4.315,"18 Buy
· 1 Hold
· 1 Sell",Strong Buy,1/10/2023,NXT,-1383.333333
40.81,0.12(-0.29%),$40.70-$41.48,587422,305331,41.5,$40.67 - $41.55,$40.93,6:58pm 03/11 (AEDT),1.19%,-4.81%,16.33%,14.51%,-2.11%,12.75%,5383934259,"91 of 2,408",5 of 239,131926838,Technology,TNE / NXT / DDR,0.499,0.54,0.091,"9 Buy
· 8 Hold
· 3 Sell",Hold,1/10/2023,ALU,81.78356713
15.23,0.07(0.46%),$15.15-$15.50,557360,582802,15.34,$15.11 - $15.41,$15.16,6:58pm 03/11 (AEDT),2.01%,-1.36%,15.91%,24.33%,7.71%,22.57%,4944796107,"98 of 2,408",6 of 239,324674728,Technology,ALU / NXT / DDR,0.298,0.1744,0.162,"8 Buy
· 7 Hold
· 2 Sell",Buy,1/10/2023,TNE,51.10738255
10.15,0.22(2.22%),$10.09-$10.20,646712,1078817,10.1,$10.04 - $10.35,$9.93,6:58pm 03/11 (AEDT),5.40%,-14.27%,60.86%,71.45%,54.84%,69.70%,1614491622,"224 of 2,408",8 of 239,159063214,Technology,360 / MAQ / CDA,-0.268,0,0.461,"11 Buy
· 5 Hold
· 1 Sell",Buy,1/10/2023,MP1,-37.87313433
7.81,0.00(0.00),$7.73-$7.86,436263,517440,7.92,$7.69 - $8.07,$7.81,6:58pm 03/11 (AEDT),4.55%,-6.58%,60.70%,15.36%,-1.25%,13.61%,1582839236,"229 of 2,408",9 of 239,202668276,Technology,MP1 / MAQ / CDA,-0.277,0,0.29,"9 Buy
· 1 Hold
· 0 Sell",Strong Buy,1/10/2023,360,-28.19494585
63.66,0.46(0.73%),$63.19-$65.36,15035,10701,63.45,$63.35 - $65.08,$63.20,6:58pm 03/11 (AEDT),2.76%,1.48%,6.99%,9.01%,-,7.25%,1549756101,"237 of 2,408",10 of 239,24344268,Technology,360 / MP1 / CDA,0.816,0,12.358,"7 Buy
· 1 Hold
· 2 Sell",Buy,1/10/2023,MAQ,78.01470588
4.32,0.07(1.65%),$4.30-$4.34,341078,674017,4.47,$4.30 - $4.50,$4.25,6:58pm 03/11 (AEDT),9.92%,-6.49%,42.11%,44.48%,-,42.73%,1188285578,"271 of 2,408",12 of 239,275066106,Technology,ISX / SP1 / DTL,-0.19,0,0.102,"14 Buy
· 4 Hold
· 1 Sell",Buy,1/10/2023,SDR,-22.73684211
7.23,0.08(1.12%),$7.10-$7.24,640561,313561,7.2,$7.11 - $7.29,$7.15,6:58pm 03/11 (AEDT),0.98%,4.93%,6.79%,4.78%,-11.83%,3.03%,1118510383,"280 of 2,408",15 of 239,154704064,Technology,AD8 / ISX / SP1,0.239,0.219,0.343,"7 Buy
· 3 Hold
· 2 Sell",Buy,1/10/2023,DTL,30.25104603
11.06,0.14(1.28%),$11.05-$11.08,349809,161092,11,$10.95 - $11.14,$10.92,6:58pm 03/11 (AEDT),10.60%,15.57%,8.54%,10.49%,-6.13%,8.74%,1993491263,"186 of 2,408",7 of 239,180243333,Technology,MP1 / 360 / MAQ,0.428,0.355,1.277,"7 Buy
· 3 Hold
· 0 Sell",Strong Buy,1/10/2023,DDR,25.8411215
8,0.01(-0.13%),$7.85-$8.14,219800,309693,8.09,$7.96 - $8.15,$8.01,6:58pm 03/11 (AEDT),-0.37%,2.96%,95.12%,99.50%,82.89%,97.75%,1450528904,"246 of 2,408",11 of 239,181316113,Technology,MAQ / 360 / MP1,0.374,0.185,0.73,"8 Buy
· 2 Hold
· 0 Sell",Strong Buy,1/10/2023,CDA,21.39037433
13.22,0.42(-3.08%),$13.22-$13.49,78352,159319,13.51,$13.20 - $13.63,$13.64,6:58pm 03/11 (AEDT),-1.20%,-0.15%,76.74%,61.22%,44.61%,59.47%,1098698812,"283 of 2,408",16 of 239,83108836,Technology,DTL / HSN / NEA,-0.035,0,0.671,"8 Buy
· 2 Hold
· 1 Sell",Buy,1/10/2023,AD8,-377.7142857
0.735,0.015(2.08%),$0.735-$0.74,3215285,3499647,0.75,$0.735 - $0.76,$0.72,6:58pm 03/11 (AEDT),0,-9.82%,-50.00%,-71.06%,-87.68%,-72.82%,359128493,"511 of 2,408",33 of 239,488610194,Technology,OTW / RUL / BVS,-0.15,0,0.439,"0 Buy
· 3 Hold
· 4 Sell",Strong Sell,1/10/2023,NVX,-4.9
0.355,0.015(4.41%),$0.34-$0.355,54793,65668,0.35,$0.34 - $0.355,$0.34,6:58pm 03/11 (AEDT),-1.39%,7.58%,39.22%,37.86%,21.25%,36.11%,124375315,"847 of 2,408",62 of 239,350353001,Technology,EOL / PYG / MSL,0.002,0,0.022,"5 Buy
· 1 Hold
· 0 Sell",Strong Buy,1/10/2023,SPZ,177.5
0.6,0.02(3.45%),$0.585-$0.61,70750,152866,0.6,$0.59 - $0.62,$0.58,6:58pm 03/11 (AEDT),1.69%,-4.76%,-13.81%,-36.13%,-,-37.88%,110778704,"885 of 2,408",65 of 239,184631174,Technology,LME / AXE / CRO,-0.023,0,0.05,"4 Buy
· 2 Hold
· 0 Sell",Buy,1/10/2023,ERD,-26.08695652
0.58,0.00(0.00),$0.575-$0.595,0,3478,,‐ - ‐,$0.58,6:58pm 03/11 (AEDT),0.87%,-2.52%,-33.71%,-38.62%,-,-40.38%,99693360,"922 of 2,408",70 of 239,171885104,Technology,PX1 / ACE / CRO,-0.064,0,0.362,nan,nan,nan,RWL,-9.0625
0.17,0.00(0.00),$0.16-$0.175,293687,334390,0.17,$0.17 - $0.17,$0.17,6:58pm 03/11 (AEDT),3.03%,-5.56%,-43.33%,-41.38%,-57.99%,-43.13%,86793763,"968 of 2,408",79 of 239,510551547,Technology,EIQ / IHR / DTS,-0.014,0,0,nan,nan,nan,DTZ,-12.14285714
0.5,0.00(0.00),$0.50-$0.55,3572,17599,0.5,$0.50 - $0.50,$0.50,6:58pm 03/11 (AEDT),-8.26%,-13.04%,-39.76%,-37.50%,-54.12%,-39.25%,80012169,"995 of 2,408",82 of 239,160024338,Technology,FCT / NNT / IHR,-0.05,0,0.13,"4 Buy
· 1 Hold
· 0 Sell",Strong Buy,1/10/2023,IKE,-10
0.55,0.02(3.77%),$0.53-$0.56,10112,67243,0.53,$0.53 - $0.55,$0.53,6:58pm 03/11 (AEDT),1.85%,-28.10%,59.42%,25.00%,8.39%,23.25%,73798794,"1,026 of 2,408",86 of 239,134179626,Technology,CCR / DUB / EVS,-0.034,0,0.063,nan,nan,nan,SMN,-16.17647059
3.87,0.02(0.52%),$3.86-$3.87,18047148,20520799,3.88,$3.855 - $3.89,$3.85,6:58pm 03/11 (AEDT),1.57%,0.78%,-3.01%,-1.78%,-,-3.53%,44715633856,"12 of 2,408",1 of 97,11554427353,Communication Services,REA / CAR / TPG,0.167,0.17,0.382,"14 Buy
· 2 Hold
· 1 Sell",Strong Buy,1/10/2023,TLS,23.17365269
5.29,0.04(0.76%),$5.26-$5.33,11033733,1355889,5.33,$5.28 - $5.35,$5.25,6:58pm 03/11 (AEDT),3.12%,-3.29%,8.18%,10.90%,-,9.15%,9835917429,"51 of 2,408",4 of 97,1859341669,Communication Services,CAR / SPK / SEK,0.212,0.18,-0.41,"6 Buy
· 7 Hold
· 1 Sell",Buy,1/10/2023,TPG,24.95283019
4.62,0.01(-0.22%),$4.59-$4.63,610921,835374,4.65,$4.59 - $4.66,$4.63,6:58pm 03/11 (AEDT),2.44%,3.82%,-7.97%,-0.43%,-,-2.19%,8455050094,"61 of 2,408",5 of 97,1830097423,Communication Services,SEK / TPG / CAR,0.606,0.2493,0.615,"5 Buy
· 6 Hold
· 1 Sell",Buy,1/10/2023,SPK,7.623762376
6.84,0.04(0.59%),$6.46-$6.95,379717,332170,6.85,$6.81 - $6.93,$6.80,6:58pm 03/11 (AEDT),2.40%,-2.15%,-10.24%,-4.47%,-,-6.22%,2967789091,"138 of 2,408",10 of 97,433887294,Communication Services,NEC / VOC / UWL,0.045,0.334,1.941,"0 Buy
· 4 Hold
· 7 Sell",Strong Sell,1/10/2023,CNU,152
1.98,0.07(-3.42%),$1.98-$2.07,90363,175038,2.04,$1.98 - $2.05,$2.05,6:58pm 03/11 (AEDT),-3.41%,-9.59%,48.87%,46.67%,-,44.91%,920620644,"311 of 2,408",14 of 97,464959921,Communication Services,ABB / NWS / OML,-0.045,0,0.67,"4 Buy
· 1 Hold
· 0 Sell",Strong Buy,1/10/2023,TUA,-44
3.58,0.34(-8.67%),$3.58-$3.60,1858790,687914,3.58,$3.51 - $3.69,$3.92,6:58pm 03/11 (AEDT),-9.14%,-12.25%,37.16%,42.06%,-,40.31%,856369509,"322 of 2,408",15 of 97,239209360,Communication Services,TUA / OML / OPC,0.091,0,-0.444,"4 Buy
· 5 Hold
· 0 Sell",Buy,1/10/2023,ABB,39.34065934
0.03,0.001(-3.23%),$0.031-$0.037,700,8811,0.03,$0.03 - $0.03,$0.03,6:58pm 03/11 (AEDT),-14.29%,-21.05%,-50.00%,-57.75%,-,-59.50%,407175257,"475 of 2,408",22 of 97,13572508577,Communication Services,SWM / SKT / HT1,-0.034,0,0.025,nan,nan,nan,HTA,-0.882352941
0.64,0.005(0.79%),$0.64-$0.65,167114,309479,0.64,$0.6175 - $0.645,$0.64,6:58pm 03/11 (AEDT),7.56%,-4.48%,-11.72%,-14.09%,-,-15.85%,314351706,"550 of 2,408",25 of 97,491174540,Communication Services,HT1 / IGL / SKT,-0.129,0,0.084,"8 Buy
· 1 Hold
· 0 Sell",Strong Buy,1/10/2023,SLC,-4.96124031
0.2,0.01(5.26%),$0.19-$0.20,14073,34196,0.19,$0.19 - $0.20,$0.19,6:58pm 03/11 (AEDT),-4.76%,-9.09%,-40.30%,-44.44%,-,-46.20%,41641787,"1,248 of 2,408",48 of 97,208208937,Communication Services,UNL / ICI / ICU,-0.031,0,0.032,nan,nan,nan,SWP,-6.451612903
0.043,0.006(-12.25%),$0.04-$0.05,5658644,132578,0.045,$0.043 - $0.045,$0.05,6:58pm 03/11 (AEDT),-12.24%,-12.24%,-57.00%,-59.05%,-,-60.80%,32840889,"1,338 of 2,408",54 of 97,763741605,Communication Services,IOU / PPL / RMY,-0.003,0,0.033,nan,nan,nan,FSG,-14.33333333
12.36,0.30(2.49%),$12.32-$12.41,4393717,5209518,12.23,$12.20 - $12.40,$12.06,6:58pm 03/11 (AEDT),4.66%,-2.45%,-4.78%,-7.76%,-9.02%,-9.52%,38170857138,"15 of 2,408",1 of 197,3088257050,Industrials,SYD / BXB / CPU,0.021,0.58,1.075,"9 Buy
· 7 Hold
· 2 Sell",Buy,1/10/2023,TCL,588.5714286
7.11,0.10(1.43%),$7.03-$7.18,577985,478754,7.11,$7.08 - $7.15,$7.01,6:58pm 03/11 (AEDT),3.34%,-2.07%,-3.79%,3.19%,1.93%,1.44%,10469838584,"48 of 2,408",7 of 197,1472551137,Industrials,SVW / REH / QAN,0.029,0.0372,5.688,"2 Buy
· 7 Hold
· 7 Sell",Sell,1/10/2023,AIA,245.1724138
5.18,0.10(1.97%),$5.18-$5.19,8557318,10408004,5.16,$5.16 - $5.21,$5.08,8:21pm 03/11 (AEDT),8.14%,1.57%,-13.81%,-12.94%,-14.20%,-14.70%,8932675242,"54 of 2,408",8 of 197,1724454680,Industrials,WOR / ALX / IFT,0.93,0,-0.395,"15 Buy
· 3 Hold
· 1 Sell",Strong Buy,1/10/2023,QAN,5.569892473
5.64,0.24(4.44%),$5.49-$5.80,2465904,2171953,5.48,$5.45 - $5.67,$5.40,6:58pm 03/11 (AEDT),4.25%,1.62%,-14.67%,-13.89%,-15.15%,-15.65%,8182702107,"62 of 2,408",10 of 197,1450833707,Industrials,IFT / WOR / QAN,0.227,0.4,2.97,"5 Buy
· 6 Hold
· 1 Sell",Buy,1/10/2023,ALX,24.84581498
3.54,0.09(2.61%),$3.52-$3.56,3728592,5294734,3.5,$3.47 - $3.54,$3.45,6:58pm 03/11 (AEDT),3.81%,1.43%,-5.09%,-3.01%,-4.28%,-4.77%,6516092096,"76 of 2,408",13 of 197,1840703982,Industrials,CIM / CWY / ALQ,0.176,0.15,2.245,"8 Buy
· 8 Hold
· 2 Sell",Buy,1/10/2023,AZJ,20.11363636
2.9,0.12(4.32%),$2.89-$2.94,5153651,2900798,2.83,$2.81 - $2.92,$2.78,6:58pm 03/11 (AEDT),7.81%,2.11%,3.20%,7.41%,6.15%,5.65%,5123464835,"95 of 2,408",16 of 197,1766712012,Industrials,ALQ / CWY / AZJ,0.093,0.081,1.207,"8 Buy
· 9 Hold
· 0 Sell",Buy,1/10/2023,QUB,31.1827957
0.62,0.005(0.81%),$0.62-$0.63,1145554,533840,0.62,$0.615 - $0.63,$0.62,6:58pm 03/11 (AEDT),3.33%,-8.82%,-10.14%,-16.22%,-17.48%,-17.97%,2088447875,"176 of 2,408",22 of 197,3368464315,Industrials,BIN / APM / VNT,-0.197,0.055,0.457,"1 Buy
· 6 Hold
· 5 Sell",Sell,1/10/2023,AIZ,-3.147208122
6.27,0.09(1.46%),$6.25-$6.32,269219,411016,6.25,$6.18 - $6.32,$6.18,6:58pm 03/11 (AEDT),1.95%,10.78%,10.51%,31.56%,30.30%,29.81%,1688878052,"217 of 2,408",26 of 197,269358541,Industrials,IPH / JLG / SLK,0.09,0.17,-0.244,"10 Buy
· 6 Hold
· 0 Sell",Buy,1/10/2023,KLS,69.66666667
2.72,0.00(0.00),$2.72-$2.73,108896,241681,2.72,$2.72 - $2.74,$2.72,6:58pm 03/11 (AEDT),0.74%,-2.51%,11.93%,11.02%,9.76%,9.27%,1348471734,"254 of 2,408",30 of 197,495761667,Industrials,MAD / MND / RDX,0.197,0.201,-3.973,"5 Buy
· 2 Hold
· 0 Sell",Strong Buy,1/10/2023,DBI,13.8071066
7.07,0.00(0.00),$6.60-‐,0,145,,‐ - ‐,$7.07,6:58pm 03/11 (AEDT),0.28%,-10.39%,-10.39%,-10.39%,-11.65%,-12.15%,1262863330,"259 of 2,408",-,178622819,nan,-,0,0,0,"5 Buy
· 4 Hold
· 0 Sell",Buy,1/10/2023,FRW,nan
8.38,0.09(-1.06%),$8.37-$8.41,81154643,10227333,8.35,$8.30 - $8.43,$8.47,7:52pm 03/11 (AEDT),-8.81%,-5.52%,8.55%,48.32%,31.45%,46.57%,14436625483,"31 of 2,408",1 of 28,1722747671,Utilities,APA / AST / MCY,0.609,0.365,0.65,"5 Buy
· 4 Hold
· 0 Sell",Buy,1/10/2023,ORG,13.76026273
4.48,0.01(0.22%),$4.47-$4.65,5105,42508,4.6,$4.48 - $4.65,$4.47,6:58pm 03/11 (AEDT),-0.88%,-4.88%,-10.76%,1.13%,-15.74%,-0.63%,5673358069,"89 of 2,408",6 of 28,1266374569,Utilities,SKI / AGL / MCY,0.197,0.1601,2.286,"2 Buy
· 3 Hold
· 6 Sell",Sell,1/10/2023,MEZ,22.74111675
8.37,0.15(1.83%),$8.34-$8.38,1685501,2781470,8.39,$8.30 - $8.40,$8.22,6:58pm 03/11 (AEDT),2.57%,0.12%,-22.21%,-19.36%,-36.24%,-21.12%,10738357949,"46 of 2,408",2 of 28,1282957939,Utilities,AST / MCY / AGL,0.223,0.55,0.457,"7 Buy
· 7 Hold
· 0 Sell",Buy,1/10/2023,APA,37.53363229
10.59,0.07(0.67%),$10.57-$10.62,1574975,1721986,10.62,$10.58 - $10.665,$10.52,6:58pm 03/11 (AEDT),-1.49%,-0.94%,31.23%,49.58%,32.70%,47.82%,7124393197,"73 of 2,408",5 of 28,672747233,Utilities,MCY / MEZ / SKI,-1.879,0.31,2.882,"9 Buy
· 5 Hold
· 0 Sell",Buy,1/10/2023,AGL,-5.635976583
5.6,0.12(2.19%),$5.30-$5.60,874,6789,5.5,$5.40 - $5.60,$5.48,6:58pm 03/11 (AEDT),1.82%,-3.28%,8.95%,9.37%,-7.50%,7.62%,7790872538,"67 of 2,408",4 of 28,1391227239,Utilities,AGL / MEZ / AST,0.074,0.2011,3.386,"1 Buy
· 5 Hold
· 5 Sell",Sell,1/10/2023,MCY,75.67567568
7.29,0.04(0.55%),$7.08-$7.70,3602,9956,7.27,$7.25 - $7.30,$7.25,6:58pm 03/11 (AEDT),1.39%,-2.80%,0.55%,7.21%,-9.67%,5.45%,1855642046,"194 of 2,408",10 of 28,254546234,Utilities,GNE / IFN / TLT,0.163,0.3167,3.014,"7 Buy
· 2 Hold
· 0 Sell",Strong Buy,1/10/2023,CEN,44.72392638
2.17,0.02(0.93%),$2.11-$2.20,18082,20899,2.15,$2.15 - $2.20,$2.15,6:58pm 03/11 (AEDT),-2.25%,-4.41%,-10.70%,-17.18%,-34.05%,-18.93%,2331969410,"166 of 2,408",9 of 28,1074640281,Utilities,CEN / TLT / IFN,0.185,0.1642,1.966,"5 Buy
· 3 Hold
· 1 Sell",Buy,1/10/2023,GNE,11.72972973
1.635,0.015(0.93%),$1.635-$1.67,38498,79426,1.64,$1.635 - $1.67,$1.62,6:58pm 03/11 (AEDT),-2.10%,-4.94%,2.50%,3.79%,-13.09%,2.03%,249698145,"626 of 2,408",12 of 28,152720578,Utilities,GNX / LGI / EWC,0,0.069,0,nan,nan,nan,D2O,nan
0.16,0.01(6.67%),$0.155-$0.16,1750005,372851,0.155,$0.1525 - $0.16,$0.15,6:58pm 03/11 (AEDT),3.23%,6.67%,18.52%,-20.00%,-36.87%,-21.75%,221628342,"669 of 2,408",13 of 28,1385177140,Utilities,D2O / LGI / EWC,-0.001,0,0.143,"5 Buy
· 1 Hold
· 0 Sell",Strong Buy,1/10/2023,GNX,-160
2.07,0.07(3.50%),$1.95-$2.07,10829,22197,2.06,$2.05 - $2.07,$2.00,6:58pm 03/11 (AEDT),-1.43%,-2.36%,15.00%,-0.48%,-17.35%,-2.24%,182768106,"723 of 2,408",14 of 28,88293771,Utilities,GNX / D2O / EWC,0.073,0.0231,0.52,"0 Buy
· 4 Hold
· 4 Sell",Sell,1/10/2023,LGI,28.35616438
